Datetime,Close,High,Low,Open,Volume
2026-05-08 10:00:00,260.5,260.5,260.25,260.25,5775
2026-05-08 10:01:00,260.5,260.5,260.25,260.5,8026
2026-05-08 10:02:00,260.5,260.5,260.25,260.5,9476
2026-05-08 10:03:00,260.5,260.5,260.25,260.5,2401
2026-05-08 10:04:00,260.5,260.5,260.25,260.25,11845
2026-05-08 10:05:00,260.25,260.5,260.0,260.5,15435
2026-05-08 10:06:00,260.25,260.25,260.0,260.0,2767
2026-05-08 10:07:00,260.25,260.25,260.0,260.0,7040
2026-05-08 10:08:00,260.0,260.25,260.0,260.25,17135
2026-05-08 10:09:00,260.25,260.25,260.0,260.25,1524
2026-05-08 10:10:00,260.25,260.25,260.0,260.25,13595
2026-05-08 10:11:00,260.25,260.25,260.0,260.0,1679
2026-05-08 10:12:00,260.25,260.25,260.0,260.25,8221
2026-05-08 10:13:00,260.25,260.25,260.0,260.0,5595
2026-05-08 10:14:00,260.25,260.25,260.0,260.25,6156
2026-05-08 10:15:00,260.25,260.25,260.0,260.25,9065
2026-05-08 10:16:00,260.25,260.25,260.0,260.0,3993
2026-05-08 10:17:00,260.25,260.25,260.0,260.25,6040
2026-05-08 10:18:00,260.25,260.25,260.0,260.0,4308
2026-05-08 10:19:00,260.25,260.25,260.0,260.25,5497
2026-05-08 10:20:00,260.25,260.25,260.0,260.0,43134
2026-05-08 10:21:00,260.25,260.25,260.0,260.25,4559
2026-05-08 10:22:00,260.0,260.25,260.0,260.0,7304
2026-05-08 10:23:00,260.25,260.25,260.0,260.0,31591
2026-05-08 10:24:00,260.0,260.25,260.0,260.0,10783
2026-05-08 10:25:00,260.25,260.25,260.0,260.25,4112
2026-05-08 10:26:00,260.25,260.25,260.0,260.0,13379
2026-05-08 10:27:00,260.25,260.25,260.0,260.25,2594
2026-05-08 10:28:00,260.0,260.25,260.0,260.25,22941
2026-05-08 10:29:00,260.25,260.25,260.0,260.25,5309
2026-05-08 10:30:00,260.25,260.25,260.0,260.25,3851
2026-05-08 10:31:00,260.25,260.25,260.0,260.25,6477
2026-05-08 10:32:00,260.25,260.25,260.0,260.0,22269
2026-05-08 10:33:00,260.0,260.25,259.75,260.25,25498
2026-05-08 10:34:00,259.75,260.25,259.75,260.0,22114
2026-05-08 10:35:00,260.0,260.0,259.75,259.75,26713
2026-05-08 10:36:00,260.0,260.0,259.75,259.75,5407
2026-05-08 10:37:00,260.0,260.0,259.75,259.75,19016
2026-05-08 10:38:00,260.0,260.0,259.75,259.75,12336
2026-05-08 10:39:00,260.0,260.0,259.75,260.0,42624
2026-05-08 10:40:00,260.25,260.25,259.75,259.75,24699
2026-05-08 10:41:00,260.0,260.25,260.0,260.0,5494
2026-05-08 10:42:00,260.25,260.25,260.0,260.0,11682
2026-05-08 10:43:00,260.0,260.25,260.0,260.0,5967
2026-05-08 10:44:00,260.5,260.5,260.0,260.0,89056
2026-05-08 10:45:00,260.25,260.5,260.0,260.5,38702
2026-05-08 10:46:00,260.0,260.25,260.0,260.25,6507
2026-05-08 10:47:00,260.25,260.25,260.0,260.25,21264
2026-05-08 10:48:00,260.25,260.25,260.0,260.25,2661
2026-05-08 10:49:00,260.25,260.25,260.0,260.25,2820
2026-05-08 10:50:00,260.0,260.25,260.0,260.25,10341
2026-05-08 10:51:00,260.25,260.25,260.0,260.25,3833
2026-05-08 10:52:00,259.75,260.25,259.75,260.0,89851
2026-05-08 10:53:00,260.0,260.0,259.75,259.75,4762
2026-05-08 10:54:00,259.75,260.0,259.75,260.0,7735
2026-05-08 10:55:00,260.0,260.0,259.75,259.75,14393
2026-05-08 10:56:00,260.0,260.0,259.75,260.0,75454
2026-05-08 10:57:00,260.0,260.0,259.75,260.0,25243
2026-05-08 10:58:00,260.25,260.25,259.75,260.0,42254
2026-05-08 10:59:00,260.25,260.25,260.0,260.0,2571
2026-05-08 11:00:00,260.25,260.25,260.0,260.0,9504
2026-05-08 11:01:00,260.0,260.25,260.0,260.25,3944
2026-05-08 11:02:00,260.0,260.25,260.0,260.0,5917
2026-05-08 11:03:00,260.0,260.25,260.0,260.25,6993
2026-05-08 11:04:00,260.25,260.25,260.0,260.25,4567
2026-05-08 11:05:00,260.25,260.25,260.0,260.25,7949
2026-05-08 11:06:00,260.25,260.25,260.0,260.25,16198
2026-05-08 11:07:00,260.25,260.25,260.0,260.25,21327
2026-05-08 11:08:00,260.5,260.5,260.0,260.25,52298
2026-05-08 11:09:00,260.5,260.5,260.25,260.25,7773
2026-05-08 11:10:00,260.5,260.5,260.25,260.5,14783
2026-05-08 11:11:00,260.5,260.5,260.25,260.25,8353
2026-05-08 11:12:00,260.5,260.75,260.25,260.5,97589
2026-05-08 11:13:00,260.5,260.5,260.25,260.5,3254
2026-05-08 11:14:00,260.5,260.5,260.25,260.5,4163
2026-05-08 11:15:00,260.5,260.5,260.25,260.5,1391
2026-05-08 11:16:00,260.25,260.5,260.0,260.5,141510
2026-05-08 11:17:00,260.25,260.25,260.0,260.25,54707
2026-05-08 11:18:00,260.5,260.5,260.0,260.25,20334
2026-05-08 11:19:00,260.5,260.5,260.25,260.5,35277
2026-05-08 11:20:00,260.25,260.5,260.25,260.25,15531
2026-05-08 11:21:00,260.25,260.5,260.25,260.5,11808
2026-05-08 11:22:00,260.75,260.75,260.25,260.5,138648
2026-05-08 11:23:00,260.75,260.75,260.25,260.5,164432
2026-05-08 11:24:00,260.75,260.75,260.5,260.5,68178
2026-05-08 11:25:00,260.75,260.75,260.5,260.75,28423
2026-05-08 11:26:00,260.75,260.75,260.5,260.75,18749
2026-05-08 11:27:00,260.5,260.75,260.25,260.75,82609
2026-05-08 11:28:00,260.5,260.75,260.25,260.5,6960
2026-05-08 11:29:00,260.5,260.5,260.25,260.5,11855
2026-05-08 11:30:00,260.25,260.5,260.25,260.25,53064
2026-05-08 11:31:00,260.5,260.5,260.25,260.5,11703
2026-05-08 11:32:00,260.5,260.5,260.25,260.5,24154
2026-05-08 11:33:00,260.75,260.75,260.25,260.5,73730
2026-05-08 11:34:00,261.0,261.0,260.5,260.5,134473
2026-05-08 11:35:00,261.0,261.25,260.75,261.0,221518
2026-05-08 11:36:00,261.25,261.25,260.75,261.0,135973
2026-05-08 11:37:00,261.25,261.25,261.0,261.25,117093
2026-05-08 11:38:00,261.25,261.25,261.0,261.25,24120
2026-05-08 11:39:00,261.5,261.5,261.0,261.25,136655
2026-05-08 11:40:00,261.25,261.5,261.0,261.25,75412
2026-05-08 11:41:00,261.25,261.25,261.0,261.25,35215
2026-05-08 11:42:00,261.25,261.25,261.0,261.25,56894
2026-05-08 11:43:00,261.25,261.25,261.0,261.25,16162
2026-05-08 11:44:00,261.0,261.25,261.0,261.0,75808
2026-05-08 11:45:00,261.25,261.25,261.0,261.25,9972
2026-05-08 11:46:00,261.25,261.25,261.0,261.25,7657
2026-05-08 11:47:00,261.5,261.5,261.0,261.25,107424
2026-05-08 11:48:00,261.0,261.5,261.0,261.5,138382
2026-05-08 11:49:00,261.0,261.25,261.0,261.25,8097
2026-05-08 11:50:00,261.0,261.25,260.75,261.25,124675
2026-05-08 11:51:00,260.5,261.0,260.5,261.0,64813
2026-05-08 11:52:00,261.0,261.0,260.75,260.75,44492
2026-05-08 11:53:00,260.75,261.0,260.75,261.0,2107
2026-05-08 11:54:00,261.0,261.0,260.75,261.0,3757
2026-05-08 11:55:00,260.75,261.0,260.75,260.75,1939
2026-05-08 11:56:00,261.0,261.25,260.75,261.0,95074
2026-05-08 11:57:00,261.25,261.25,261.0,261.0,18451
2026-05-08 11:58:00,261.0,261.25,261.0,261.0,6024
2026-05-08 11:59:00,261.25,261.25,261.0,261.25,7917
2026-05-08 12:00:00,261.0,261.25,261.0,261.25,5650
2026-05-08 12:01:00,261.0,261.25,261.0,261.25,3322
2026-05-08 12:02:00,260.75,261.25,260.75,261.25,166630
2026-05-08 12:03:00,260.75,261.0,260.75,261.0,4908
2026-05-08 12:04:00,261.0,261.0,260.75,261.0,14983
2026-05-08 12:05:00,260.75,261.0,260.75,261.0,15826
2026-05-08 12:06:00,261.0,261.0,260.75,261.0,20077
2026-05-08 12:07:00,261.0,261.0,260.75,261.0,9671
2026-05-08 12:08:00,260.75,261.0,260.75,261.0,10341
2026-05-08 12:09:00,261.0,261.0,260.75,261.0,16254
2026-05-08 12:10:00,261.0,261.0,260.75,261.0,42904
2026-05-08 12:11:00,261.0,261.0,260.75,261.0,27765
2026-05-08 12:12:00,261.0,261.0,260.75,260.75,17272
2026-05-08 12:13:00,260.75,261.0,260.5,261.0,46864
2026-05-08 12:14:00,260.75,260.75,260.5,260.75,42863
2026-05-08 12:15:00,260.75,260.75,260.25,260.75,60287
2026-05-08 12:16:00,260.75,260.75,260.5,260.75,3510
2026-05-08 12:17:00,260.75,260.75,260.5,260.75,2924
2026-05-08 12:18:00,260.5,260.75,260.5,260.75,48047
2026-05-08 12:19:00,260.75,260.75,260.5,260.75,8485
2026-05-08 12:20:00,260.5,260.75,260.5,260.75,19971
2026-05-08 12:21:00,260.75,260.75,260.25,260.75,126222
2026-05-08 12:22:00,260.75,260.75,260.5,260.75,24588
2026-05-08 12:23:00,260.75,261.0,260.5,260.75,78675
2026-05-08 12:24:00,260.75,261.0,260.75,260.75,3154
2026-05-08 12:25:00,261.0,261.0,260.75,261.0,4961
2026-05-08 12:26:00,261.0,261.0,260.75,261.0,11074
2026-05-08 12:27:00,261.0,261.0,260.75,261.0,12088
2026-05-08 12:28:00,261.0,261.0,260.75,261.0,7048
2026-05-08 12:29:00,260.75,261.0,260.75,261.0,5985
2026-05-08 12:30:00,260.75,261.0,260.75,260.75,8261
2026-05-08 12:31:00,260.75,261.0,260.75,260.75,43807
2026-05-08 12:32:00,261.0,261.0,260.75,261.0,8556
2026-05-08 12:33:00,260.75,261.25,260.75,261.0,96581
2026-05-08 12:34:00,261.0,261.0,260.75,260.75,6869
2026-05-08 12:35:00,261.0,261.0,260.75,261.0,15417
2026-05-08 12:36:00,261.0,261.0,260.75,260.75,7142
2026-05-08 12:37:00,261.0,261.25,260.75,261.0,67339
2026-05-08 12:38:00,260.75,261.0,260.75,261.0,8726
2026-05-08 12:39:00,261.0,261.0,260.75,261.0,20914
2026-05-08 12:40:00,260.75,261.0,260.5,261.0,24762
2026-05-08 12:41:00,260.75,260.75,260.5,260.75,6726
2026-05-08 12:42:00,260.75,260.75,260.5,260.75,8939
2026-05-08 12:43:00,260.75,260.75,260.5,260.75,30088
2026-05-08 12:44:00,260.75,260.75,260.5,260.75,25155
2026-05-08 12:45:00,260.75,260.75,260.5,260.75,1846
2026-05-08 12:46:00,260.75,260.75,260.5,260.75,8311
2026-05-08 12:47:00,260.75,260.75,260.5,260.75,6964
2026-05-08 12:48:00,260.5,260.75,260.5,260.75,5222
2026-05-08 12:49:00,261.0,261.0,260.5,260.5,105961
2026-05-08 12:50:00,261.25,261.5,260.75,261.0,224415
2026-05-08 12:51:00,261.25,261.5,261.0,261.0,92226
2026-05-08 12:52:00,261.25,261.5,261.0,261.25,88690
2026-05-08 12:53:00,260.75,261.25,260.5,261.25,94838
2026-05-08 12:54:00,260.75,260.75,260.5,260.75,22207
2026-05-08 12:55:00,260.75,261.0,260.5,260.5,53158
2026-05-08 12:56:00,261.0,261.25,260.5,260.75,78910
2026-05-08 12:57:00,260.75,261.0,260.75,261.0,2708
2026-05-08 12:58:00,261.0,261.0,260.75,261.0,23330
2026-05-08 12:59:00,260.75,261.0,260.75,261.0,12282
2026-05-08 13:00:00,261.25,261.25,260.75,261.0,125115
2026-05-08 13:01:00,261.25,261.25,261.0,261.25,9744
2026-05-08 13:02:00,261.25,261.25,261.0,261.25,7709
2026-05-08 13:03:00,261.25,261.25,261.0,261.25,20864
2026-05-08 13:04:00,261.25,261.25,261.0,261.25,11159
2026-05-08 13:05:00,261.25,261.25,261.0,261.0,98120
2026-05-08 13:06:00,261.25,261.5,261.0,261.25,80686
2026-05-08 13:07:00,261.25,261.25,261.0,261.25,9382
2026-05-08 13:08:00,261.5,261.5,261.0,261.0,62142
2026-05-08 13:09:00,261.0,261.5,261.0,261.25,21929
2026-05-08 13:10:00,261.25,261.5,261.0,261.25,33980
2026-05-08 13:11:00,261.5,261.5,261.25,261.5,26637
2026-05-08 13:12:00,261.25,261.5,261.25,261.25,47230
2026-05-08 13:13:00,261.25,261.25,261.0,261.25,20172
2026-05-08 13:14:00,261.25,261.25,261.0,261.25,17196
2026-05-08 13:15:00,261.25,261.25,261.0,261.25,3406
2026-05-08 13:16:00,261.0,261.25,261.0,261.25,5562
2026-05-08 13:17:00,261.25,261.5,261.0,261.25,54215
2026-05-08 13:18:00,261.25,261.5,261.0,261.0,33937
2026-05-08 13:19:00,261.5,261.5,261.25,261.25,35529
2026-05-08 13:20:00,261.25,261.5,261.25,261.5,26464
2026-05-08 13:21:00,261.25,261.5,261.0,261.25,52049
2026-05-08 13:22:00,261.25,261.25,261.0,261.25,14405
2026-05-08 13:23:00,261.25,261.25,261.0,261.25,4741
2026-05-08 13:24:00,261.25,261.25,261.0,261.25,3616
2026-05-08 13:25:00,261.0,261.25,261.0,261.25,14307
2026-05-08 13:26:00,260.75,261.25,260.75,261.25,80725
2026-05-08 13:27:00,260.75,261.25,260.75,261.0,102450
2026-05-08 13:28:00,260.75,261.0,260.75,261.0,4528
2026-05-08 13:29:00,261.0,261.0,260.75,261.0,41739
2026-05-08 13:30:00,261.25,261.25,260.75,261.0,28358
2026-05-08 13:31:00,261.0,261.25,261.0,261.0,20093
2026-05-08 13:32:00,261.25,261.25,261.0,261.25,26316
2026-05-08 13:33:00,261.0,261.25,260.75,261.0,46436
2026-05-08 13:34:00,260.75,261.0,260.5,260.75,114582
2026-05-08 13:35:00,261.0,261.0,260.75,261.0,12618
2026-05-08 13:36:00,261.0,261.0,260.75,261.0,5868
2026-05-08 13:37:00,260.75,261.0,260.5,260.75,63127
2026-05-08 13:38:00,261.0,261.0,260.75,261.0,61756
2026-05-08 13:39:00,260.75,261.0,260.75,260.75,5579
2026-05-08 13:40:00,261.0,261.0,260.75,260.75,77978
2026-05-08 13:41:00,261.0,261.0,260.75,261.0,13769
2026-05-08 13:42:00,260.75,261.0,260.5,261.0,39518
2026-05-08 13:43:00,260.75,260.75,260.5,260.5,45362
2026-05-08 13:44:00,260.75,260.75,260.5,260.5,8349
2026-05-08 13:45:00,260.75,260.75,260.5,260.75,11478
2026-05-08 13:46:00,260.75,260.75,260.5,260.5,22229
2026-05-08 13:47:00,260.75,260.75,260.5,260.5,40113
2026-05-08 13:48:00,260.75,260.75,260.5,260.75,9165
2026-05-08 13:49:00,260.5,260.75,260.5,260.75,9349
2026-05-08 13:50:00,260.75,260.75,260.5,260.5,18241
2026-05-08 13:51:00,260.75,260.75,260.5,260.75,23824
2026-05-08 13:52:00,260.5,260.75,260.25,260.75,26817
2026-05-08 13:53:00,260.5,260.75,260.25,260.5,50991
2026-05-08 13:54:00,260.75,260.75,260.5,260.5,20788
2026-05-08 13:55:00,260.25,260.75,260.25,260.5,31546
2026-05-08 13:56:00,260.5,260.75,260.5,260.5,16108
2026-05-08 13:57:00,260.25,260.75,260.25,260.5,14896
2026-05-08 13:58:00,260.25,260.5,260.0,260.25,113671
2026-05-08 13:59:00,260.25,260.25,260.0,260.25,56582
2026-05-08 14:00:00,260.25,260.25,260.0,260.0,9968
2026-05-08 14:01:00,260.25,260.25,260.0,260.25,61754
2026-05-08 14:02:00,260.25,260.25,260.0,260.0,12250
2026-05-08 14:03:00,260.25,260.25,260.0,260.25,10984
2026-05-08 14:04:00,260.0,260.25,260.0,260.25,53819
2026-05-08 14:05:00,260.5,260.5,260.0,260.25,39797
2026-05-08 14:06:00,260.5,260.5,260.25,260.5,3153
2026-05-08 14:07:00,260.5,260.5,260.25,260.5,15456
2026-05-08 14:08:00,260.5,260.5,260.25,260.5,5821
2026-05-08 14:09:00,260.25,260.5,260.25,260.25,2972
2026-05-08 14:10:00,260.5,260.75,260.25,260.5,113606
2026-05-08 14:11:00,260.75,261.0,260.5,260.75,131237
2026-05-08 14:12:00,261.0,261.0,260.75,260.75,14056
2026-05-08 14:13:00,261.0,261.25,260.75,261.0,98549
2026-05-08 14:14:00,260.75,261.0,260.75,261.0,15563
2026-05-08 14:15:00,260.75,261.0,260.75,261.0,5388
2026-05-08 14:16:00,261.0,261.0,260.75,261.0,6680
2026-05-08 14:17:00,260.75,261.0,260.75,260.75,8873
2026-05-08 14:18:00,260.75,261.0,260.75,261.0,5659
2026-05-08 14:19:00,261.0,261.0,260.75,260.75,14116
2026-05-08 14:20:00,261.0,261.0,260.75,260.75,5029
2026-05-08 14:21:00,261.0,261.0,260.75,261.0,20130
2026-05-08 14:22:00,260.5,261.0,260.5,260.75,84687
2026-05-08 14:23:00,260.75,260.75,260.5,260.75,6877
2026-05-08 14:24:00,260.5,260.75,260.5,260.75,31217
2026-05-08 14:25:00,260.5,260.75,260.5,260.5,11699
2026-05-08 14:26:00,260.5,260.75,260.25,260.75,86082
2026-05-08 14:27:00,260.75,260.75,260.25,260.25,81713
2026-05-08 14:28:00,260.5,260.75,260.5,260.75,4504
2026-05-08 14:29:00,260.75,260.75,260.5,260.75,27432
2026-05-08 14:30:00,261.0,261.25,260.5,260.75,437836
2026-05-08 14:31:00,260.75,261.25,260.75,261.25,206818
2026-05-08 14:32:00,261.0,261.25,260.75,260.75,91719
2026-05-08 14:33:00,261.0,261.0,260.75,261.0,56700
2026-05-08 14:34:00,261.0,261.25,260.75,261.0,58873
2026-05-08 14:35:00,261.25,261.25,261.0,261.25,31343
2026-05-08 14:36:00,261.0,261.25,260.75,261.25,104444
2026-05-08 14:37:00,260.75,261.0,260.5,261.0,60795
2026-05-08 14:38:00,260.5,260.75,260.25,260.5,85871
2026-05-08 14:39:00,260.25,260.5,260.25,260.25,37689
2026-05-08 14:40:00,260.5,260.5,260.25,260.5,49098
2026-05-08 14:41:00,260.25,260.5,260.25,260.25,70278
2026-05-08 14:42:00,260.25,260.5,260.0,260.25,65158
2026-05-08 14:43:00,260.25,260.25,260.0,260.25,102450
2026-05-08 14:44:00,260.25,260.25,260.0,260.25,45202
2026-05-08 14:45:00,260.25,260.25,260.0,260.25,13267
2026-05-08 14:46:00,260.0,260.25,260.0,260.25,21656
2026-05-08 14:47:00,260.25,260.25,260.0,260.0,22405
2026-05-08 14:48:00,260.25,260.25,260.0,260.0,50980
2026-05-08 14:49:00,260.25,260.25,260.0,260.25,21713
2026-05-08 14:50:00,260.0,260.25,259.75,260.25,100156
2026-05-08 14:51:00,260.0,260.0,259.75,260.0,36853
2026-05-08 14:52:00,259.75,260.0,259.75,260.0,78370
2026-05-08 14:53:00,259.75,260.0,259.5,259.75,66360
2026-05-08 14:54:00,259.5,259.75,259.5,259.5,82516
2026-05-08 14:55:00,259.75,259.75,259.5,259.75,105043
2026-05-08 14:56:00,259.75,259.75,259.5,259.75,31763
2026-05-08 14:57:00,259.75,259.75,259.5,259.5,60074
2026-05-08 14:58:00,259.25,259.75,259.0,259.75,173694
2026-05-08 14:59:00,259.25,259.25,258.75,259.0,298518
2026-05-11 10:00:00,263.0,263.25,262.75,263.0,156066
2026-05-11 10:01:00,263.25,263.5,263.0,263.0,121014
2026-05-11 10:02:00,263.25,263.5,263.0,263.25,116998
2026-05-11 10:03:00,262.75,263.25,262.75,263.0,42124
2026-05-11 10:04:00,262.5,263.0,262.5,262.75,85627
2026-05-11 10:05:00,262.75,263.0,262.5,262.75,33428
2026-05-11 10:06:00,263.0,263.0,262.75,263.0,12819
2026-05-11 10:07:00,262.75,263.0,262.75,263.0,11193
2026-05-11 10:08:00,263.0,263.0,262.75,263.0,15137
2026-05-11 10:09:00,263.0,263.0,262.75,262.75,16788
2026-05-11 10:10:00,262.75,263.0,262.75,263.0,28103
2026-05-11 10:11:00,263.0,263.0,262.75,263.0,18865
2026-05-11 10:12:00,262.75,263.0,262.75,263.0,31366
2026-05-11 10:13:00,263.25,263.25,262.75,262.75,62558
2026-05-11 10:14:00,263.0,263.25,263.0,263.25,9520
2026-05-11 10:15:00,263.0,263.25,263.0,263.0,23007
2026-05-11 10:16:00,263.25,263.25,263.0,263.25,50896
2026-05-11 10:17:00,263.25,263.25,263.0,263.0,26113
2026-05-11 10:18:00,263.0,263.5,263.0,263.0,173875
2026-05-11 10:19:00,263.0,263.25,263.0,263.25,22758
2026-05-11 10:20:00,263.25,263.5,263.0,263.25,49104
2026-05-11 10:21:00,263.5,263.75,263.25,263.5,299552
2026-05-11 10:22:00,263.25,263.5,263.0,263.5,58044
2026-05-11 10:23:00,263.25,263.25,263.0,263.25,16622
2026-05-11 10:24:00,263.25,263.25,263.0,263.25,9055
2026-05-11 10:25:00,263.25,263.25,263.0,263.0,18655
2026-05-11 10:26:00,263.25,263.25,263.0,263.25,23186
2026-05-11 10:27:00,263.25,263.25,263.0,263.25,14591
2026-05-11 10:28:00,263.0,263.25,263.0,263.25,11781
2026-05-11 10:29:00,263.25,263.25,263.0,263.25,14529
2026-05-11 10:30:00,263.0,263.25,263.0,263.25,25201
2026-05-11 10:31:00,263.0,263.25,263.0,263.0,25240
2026-05-11 10:32:00,263.25,263.25,263.0,263.25,15228
2026-05-11 10:33:00,263.25,263.25,263.0,263.0,54195
2026-05-11 10:34:00,263.25,263.25,263.0,263.25,18163
2026-05-11 10:35:00,263.0,263.25,263.0,263.0,16893
2026-05-11 10:36:00,263.0,263.25,263.0,263.0,9873
2026-05-11 10:37:00,263.0,263.25,263.0,263.25,20523
2026-05-11 10:38:00,263.25,263.25,263.0,263.0,12544
2026-05-11 10:39:00,263.25,263.25,263.0,263.25,15611
2026-05-11 10:40:00,263.0,263.25,263.0,263.25,9796
2026-05-11 10:41:00,263.25,263.25,263.0,263.0,48038
2026-05-11 10:42:00,263.0,263.25,262.75,263.25,90726
2026-05-11 10:43:00,263.0,263.0,262.75,262.75,7081
2026-05-11 10:44:00,262.75,263.0,262.75,263.0,16950
2026-05-11 10:45:00,263.0,263.0,262.75,263.0,6888
2026-05-11 10:46:00,262.75,263.0,262.75,262.75,11357
2026-05-11 10:47:00,263.0,263.0,262.75,263.0,15344
2026-05-11 10:48:00,262.75,263.0,262.75,263.0,10522
2026-05-11 10:49:00,262.75,263.0,262.75,263.0,16320
2026-05-11 10:50:00,263.0,263.0,262.75,262.75,17330
2026-05-11 10:51:00,263.0,263.0,262.75,263.0,18173
2026-05-11 10:52:00,263.0,263.0,262.75,262.75,19252
2026-05-11 10:53:00,263.0,263.0,262.75,263.0,9371
2026-05-11 10:54:00,263.0,263.0,262.75,263.0,16359
2026-05-11 10:55:00,262.75,263.0,262.75,263.0,21300
2026-05-11 10:56:00,263.0,263.0,262.75,263.0,32221
2026-05-11 10:57:00,263.0,263.0,262.75,263.0,18109
2026-05-11 10:58:00,262.75,263.0,262.75,262.75,22016
2026-05-11 10:59:00,263.0,263.0,262.75,262.75,21480
2026-05-11 11:00:00,262.75,263.0,262.75,263.0,12800
2026-05-11 11:01:00,262.75,263.0,262.75,263.0,25706
2026-05-11 11:02:00,263.0,263.25,262.75,263.0,141346
2026-05-11 11:03:00,263.0,263.25,263.0,263.0,43125
2026-05-11 11:04:00,263.0,263.25,263.0,263.25,19641
2026-05-11 11:05:00,263.25,263.25,263.0,263.0,14905
2026-05-11 11:06:00,263.5,263.75,263.0,263.25,107187
2026-05-11 11:07:00,263.75,263.75,263.5,263.75,75186
2026-05-11 11:08:00,263.25,263.75,263.0,263.75,102403
2026-05-11 11:09:00,263.25,263.25,263.0,263.25,31378
2026-05-11 11:10:00,263.25,263.25,263.0,263.25,37478
2026-05-11 11:11:00,263.25,263.25,263.0,263.25,14994
2026-05-11 11:12:00,263.0,263.25,263.0,263.25,9405
2026-05-11 11:13:00,263.0,263.25,262.75,263.25,58368
2026-05-11 11:14:00,263.0,263.0,262.75,263.0,17156
2026-05-11 11:15:00,262.75,263.0,262.75,263.0,14515
2026-05-11 11:16:00,263.0,263.0,262.75,262.75,29688
2026-05-11 11:17:00,263.0,263.0,262.75,263.0,21004
2026-05-11 11:18:00,263.0,263.0,262.75,263.0,18471
2026-05-11 11:19:00,263.0,263.0,262.75,263.0,24364
2026-05-11 11:20:00,263.0,263.0,262.75,263.0,10997
2026-05-11 11:21:00,263.0,263.25,262.75,263.0,37716
2026-05-11 11:22:00,263.0,263.25,262.75,263.25,83177
2026-05-11 11:23:00,263.0,263.0,262.75,263.0,12332
2026-05-11 11:24:00,263.0,263.0,262.75,263.0,59695
2026-05-11 11:25:00,263.0,263.0,262.75,263.0,40496
2026-05-11 11:26:00,263.25,263.25,262.75,262.75,70207
2026-05-11 11:27:00,263.5,263.5,263.0,263.25,39348
2026-05-11 11:28:00,263.5,263.5,263.25,263.25,7710
2026-05-11 11:29:00,263.5,263.5,263.25,263.5,86328
2026-05-11 11:30:00,263.5,263.5,263.25,263.25,9291
2026-05-11 11:31:00,263.5,263.5,263.25,263.5,28405
2026-05-11 11:32:00,263.5,263.5,263.25,263.25,19194
2026-05-11 11:33:00,263.5,263.5,263.25,263.5,16304
2026-05-11 11:34:00,263.5,263.5,263.25,263.5,16631
2026-05-11 11:35:00,263.25,263.5,263.0,263.5,128068
2026-05-11 11:36:00,263.25,263.25,263.0,263.25,23365
2026-05-11 11:37:00,263.25,263.25,263.0,263.25,21146
2026-05-11 11:38:00,263.25,263.25,263.0,263.0,10805
2026-05-11 11:39:00,263.25,263.25,263.0,263.0,10964
2026-05-11 11:40:00,263.0,263.25,262.75,263.0,131922
2026-05-11 11:41:00,263.25,263.5,263.0,263.25,53233
2026-05-11 11:42:00,263.25,263.5,263.25,263.5,11061
2026-05-11 11:43:00,263.5,263.5,263.25,263.25,16633
2026-05-11 11:44:00,263.5,263.5,263.25,263.5,25649
2026-05-11 11:45:00,263.5,263.5,263.25,263.25,16181
2026-05-11 11:46:00,263.5,263.5,263.25,263.5,13960
2026-05-11 11:47:00,263.5,263.5,263.25,263.25,10321
2026-05-11 11:48:00,263.5,263.5,263.25,263.25,14615
2026-05-11 11:49:00,263.5,263.5,263.25,263.5,11992
2026-05-11 11:50:00,263.0,263.5,263.0,263.25,57103
2026-05-11 11:51:00,263.25,263.25,263.0,263.25,17241
2026-05-11 11:52:00,263.0,263.25,263.0,263.0,18237
2026-05-11 11:53:00,263.25,263.25,263.0,263.25,17832
2026-05-11 11:54:00,263.25,263.5,263.0,263.25,41592
2026-05-11 11:55:00,263.5,263.75,263.25,263.25,70252
2026-05-11 11:56:00,263.5,263.5,263.25,263.5,14197
2026-05-11 11:57:00,263.5,263.75,263.5,263.5,51069
2026-05-11 11:58:00,263.5,263.75,263.5,263.5,15867
2026-05-11 11:59:00,263.5,263.75,263.5,263.5,24225
2026-05-11 12:00:00,264.0,264.0,263.5,263.75,128057
2026-05-11 12:01:00,264.0,264.0,263.75,264.0,68066
2026-05-11 12:02:00,263.75,264.25,263.5,264.0,173810
2026-05-11 12:03:00,263.75,263.75,263.5,263.5,29764
2026-05-11 12:04:00,263.75,263.75,263.5,263.5,9100
2026-05-11 12:05:00,263.5,263.75,263.5,263.5,10599
2026-05-11 12:06:00,263.5,263.75,263.5,263.75,25548
2026-05-11 12:07:00,263.5,263.75,263.5,263.5,9367
2026-05-11 12:08:00,263.75,263.75,263.5,263.75,11148
2026-05-11 12:09:00,263.75,263.75,263.5,263.75,20878
2026-05-11 12:10:00,263.5,263.75,263.5,263.5,16182
2026-05-11 12:11:00,263.75,263.75,263.5,263.75,16212
2026-05-11 12:12:00,263.5,263.75,263.5,263.5,10456
2026-05-11 12:13:00,263.5,263.75,263.5,263.75,13468
2026-05-11 12:14:00,264.0,264.0,263.5,263.5,84147
2026-05-11 12:15:00,264.0,264.0,263.75,263.75,64928
2026-05-11 12:16:00,264.0,264.0,263.75,264.0,11120
2026-05-11 12:17:00,264.0,264.0,263.75,264.0,11390
2026-05-11 12:18:00,263.75,264.0,263.75,263.75,21906
2026-05-11 12:19:00,264.0,264.0,263.75,264.0,19609
2026-05-11 12:20:00,264.0,264.0,263.75,264.0,24565
2026-05-11 12:21:00,263.75,264.0,263.5,263.75,88846
2026-05-11 12:22:00,264.0,264.0,263.5,263.5,78209
2026-05-11 12:23:00,263.75,264.0,263.75,264.0,19845
2026-05-11 12:24:00,263.75,264.0,263.75,264.0,61082
2026-05-11 12:25:00,263.5,263.75,263.5,263.75,10245
2026-05-11 12:26:00,263.75,263.75,263.5,263.75,25604
2026-05-11 12:27:00,263.75,263.75,263.5,263.75,16766
2026-05-11 12:28:00,263.75,263.75,263.5,263.75,16639
2026-05-11 12:29:00,263.75,263.75,263.5,263.75,12768
2026-05-11 12:30:00,263.75,263.75,263.5,263.75,28794
2026-05-11 12:31:00,263.75,263.75,263.5,263.75,64318
2026-05-11 12:32:00,263.75,264.0,263.5,263.75,81632
2026-05-11 12:33:00,263.5,263.75,263.5,263.75,13710
2026-05-11 12:34:00,263.75,263.75,263.5,263.5,13787
2026-05-11 12:35:00,263.5,263.75,263.5,263.5,23966
2026-05-11 12:36:00,263.75,263.75,263.5,263.75,13868
2026-05-11 12:37:00,263.25,263.75,263.25,263.75,101757
2026-05-11 12:38:00,263.25,263.5,263.25,263.25,28850
2026-05-11 12:39:00,263.5,263.5,263.25,263.5,12477
2026-05-11 12:40:00,263.5,263.5,263.25,263.5,11823
2026-05-11 12:41:00,263.5,263.5,263.25,263.25,10856
2026-05-11 12:42:00,263.5,263.5,263.25,263.5,10699
2026-05-11 12:43:00,263.25,263.5,263.0,263.25,113402
2026-05-11 12:44:00,263.0,263.25,263.0,263.25,20570
2026-05-11 12:45:00,262.75,263.25,262.75,263.0,96321
2026-05-11 12:46:00,262.75,263.0,262.75,263.0,50150
2026-05-11 12:47:00,262.75,263.0,262.5,263.0,111677
2026-05-11 12:48:00,262.25,262.75,262.25,262.5,204024
2026-05-11 12:49:00,262.75,262.75,262.25,262.5,42528
2026-05-11 12:50:00,262.75,262.75,262.5,262.5,67481
2026-05-11 12:51:00,262.5,262.75,262.5,262.75,65183
2026-05-11 12:52:00,262.75,263.0,262.5,262.75,123342
2026-05-11 12:53:00,262.75,262.75,262.5,262.75,24734
2026-05-11 12:54:00,262.5,262.75,262.5,262.5,14392
2026-05-11 12:55:00,262.75,262.75,262.5,262.75,14008
2026-05-11 12:56:00,262.5,262.75,262.5,262.75,24678
2026-05-11 12:57:00,262.5,262.75,262.5,262.5,14102
2026-05-11 12:58:00,262.5,262.75,262.5,262.75,66801
2026-05-11 12:59:00,262.5,262.5,262.25,262.25,44256
2026-05-11 13:00:00,262.5,262.5,262.25,262.25,23140
2026-05-11 13:01:00,262.75,262.75,262.25,262.25,32955
2026-05-11 13:02:00,262.5,262.75,262.5,262.5,10683
2026-05-11 13:03:00,262.75,262.75,262.5,262.75,51362
2026-05-11 13:04:00,262.75,262.75,262.5,262.75,24652
2026-05-11 13:05:00,262.75,262.75,262.5,262.75,24176
2026-05-11 13:06:00,262.5,262.75,262.25,262.5,78398
2026-05-11 13:07:00,262.5,262.5,262.25,262.25,27159
2026-05-11 13:08:00,262.25,262.5,262.25,262.5,84903
2026-05-11 13:09:00,262.5,262.5,262.25,262.5,27253
2026-05-11 13:10:00,262.5,262.5,262.25,262.25,34349
2026-05-11 13:11:00,262.75,262.75,262.5,262.5,50699
2026-05-11 13:12:00,262.75,262.75,262.5,262.75,10232
2026-05-11 13:13:00,262.5,262.75,262.5,262.5,13929
2026-05-11 13:14:00,262.75,262.75,262.5,262.5,16451
2026-05-11 13:15:00,262.5,262.75,262.25,262.75,52766
2026-05-11 13:16:00,261.75,262.5,261.75,262.5,260206
2026-05-11 13:17:00,262.0,262.0,261.75,262.0,67238
2026-05-11 13:18:00,262.0,262.0,261.75,262.0,21786
2026-05-11 13:19:00,262.0,262.25,261.75,262.0,30952
2026-05-11 13:20:00,262.0,262.25,261.75,262.0,65740
2026-05-11 13:21:00,262.0,262.0,261.75,262.0,29285
2026-05-11 13:22:00,261.75,262.0,261.75,261.75,27308
2026-05-11 13:23:00,262.0,262.0,261.75,261.75,22681
2026-05-11 13:24:00,261.75,262.0,261.5,262.0,79572
2026-05-11 13:25:00,261.75,261.75,261.5,261.75,57835
2026-05-11 13:26:00,261.5,261.75,261.5,261.75,25735
2026-05-11 13:27:00,261.75,261.75,261.5,261.75,48447
2026-05-11 13:28:00,261.75,262.0,261.5,261.75,102381
2026-05-11 13:29:00,261.75,261.75,261.5,261.75,35148
2026-05-11 13:30:00,261.5,261.75,261.5,261.75,46305
2026-05-11 13:31:00,262.0,262.0,261.5,261.75,56233
2026-05-11 13:32:00,262.0,262.0,261.75,262.0,25479
2026-05-11 13:33:00,262.0,262.25,261.75,262.0,61208
2026-05-11 13:34:00,262.25,262.25,262.0,262.0,36378
2026-05-11 13:35:00,262.0,262.25,261.75,262.25,131623
2026-05-11 13:36:00,262.0,262.0,261.75,261.75,10056
2026-05-11 13:37:00,262.0,262.0,261.75,261.75,35598
2026-05-11 13:38:00,262.0,262.0,261.75,262.0,14211
2026-05-11 13:39:00,262.0,262.0,261.75,262.0,17901
2026-05-11 13:40:00,261.75,262.0,261.75,262.0,22219
2026-05-11 13:41:00,262.0,262.0,261.75,261.75,22116
2026-05-11 13:42:00,262.0,262.0,261.75,261.75,12681
2026-05-11 13:43:00,262.0,262.0,261.75,262.0,21861
2026-05-11 13:44:00,262.0,262.0,261.75,262.0,28169
2026-05-11 13:45:00,262.0,262.0,261.75,262.0,28772
2026-05-11 13:46:00,262.0,262.0,261.75,262.0,20205
2026-05-11 13:47:00,262.0,262.0,261.75,262.0,12907
2026-05-11 13:48:00,262.25,262.25,261.75,261.75,158116
2026-05-11 13:49:00,261.75,262.25,261.75,262.0,43980
2026-05-11 13:50:00,261.75,262.0,261.5,261.75,62365
2026-05-11 13:51:00,261.75,261.75,261.5,261.75,15522
2026-05-11 13:52:00,261.75,262.0,261.5,261.75,47894
2026-05-11 13:53:00,261.75,261.75,261.5,261.75,14811
2026-05-11 13:54:00,261.75,261.75,261.5,261.75,19307
2026-05-11 13:55:00,261.75,261.75,261.5,261.75,15514
2026-05-11 13:56:00,261.5,261.75,261.5,261.5,18327
2026-05-11 13:57:00,261.25,261.75,261.25,261.75,106750
2026-05-11 13:58:00,261.5,261.5,261.25,261.5,30778
2026-05-11 13:59:00,261.5,261.5,261.25,261.5,24576
2026-05-11 14:00:00,261.75,261.75,261.5,261.5,55844
2026-05-11 14:01:00,261.5,261.75,261.5,261.75,14701
2026-05-11 14:02:00,261.75,261.75,261.5,261.75,12289
2026-05-11 14:03:00,261.75,261.75,261.5,261.5,18381
2026-05-11 14:04:00,261.5,261.75,261.25,261.75,73244
2026-05-11 14:05:00,261.5,261.5,261.25,261.5,19823
2026-05-11 14:06:00,261.75,261.75,261.25,261.25,59627
2026-05-11 14:07:00,261.75,261.75,261.5,261.5,26057
2026-05-11 14:08:00,261.75,261.75,261.5,261.5,19969
2026-05-11 14:09:00,261.5,261.75,261.5,261.75,17185
2026-05-11 14:10:00,262.0,262.0,261.5,261.75,40003
2026-05-11 14:11:00,262.0,262.25,261.75,262.0,124384
2026-05-11 14:12:00,261.75,262.0,261.75,261.75,13559
2026-05-11 14:13:00,262.0,262.0,261.75,262.0,37862
2026-05-11 14:14:00,261.5,262.0,261.5,262.0,60752
2026-05-11 14:15:00,261.5,261.75,261.5,261.75,23438
2026-05-11 14:16:00,261.75,261.75,261.5,261.5,27547
2026-05-11 14:17:00,261.75,261.75,261.5,261.5,8787
2026-05-11 14:18:00,261.75,261.75,261.5,261.75,17220
2026-05-11 14:19:00,262.0,262.0,261.5,261.75,89365
2026-05-11 14:20:00,262.0,262.0,261.75,262.0,14964
2026-05-11 14:21:00,261.5,262.0,261.5,262.0,65959
2026-05-11 14:22:00,261.75,261.75,261.5,261.5,40825
2026-05-11 14:23:00,261.5,261.75,261.5,261.75,15282
2026-05-11 14:24:00,261.5,261.75,261.5,261.75,15765
2026-05-11 14:25:00,261.5,261.75,261.5,261.75,12602
2026-05-11 14:26:00,261.75,261.75,261.5,261.75,24815
2026-05-11 14:27:00,261.75,261.75,261.5,261.5,15374
2026-05-11 14:28:00,261.75,261.75,261.5,261.5,32598
2026-05-11 14:29:00,261.75,261.75,261.5,261.75,17441
2026-05-11 14:30:00,261.5,261.75,261.25,261.5,82808
2026-05-11 14:31:00,261.5,261.5,261.25,261.5,20367
2026-05-11 14:32:00,261.0,261.5,260.75,261.5,185533
2026-05-11 14:33:00,261.0,261.0,260.75,261.0,49928
2026-05-11 14:34:00,261.0,261.0,260.75,260.75,42356
2026-05-11 14:35:00,260.75,261.0,260.75,260.75,31281
2026-05-11 14:36:00,261.25,261.25,260.75,261.0,67396
2026-05-11 14:37:00,261.5,261.5,261.0,261.25,76421
2026-05-11 14:38:00,261.5,261.5,261.25,261.5,17357
2026-05-11 14:39:00,261.5,261.5,261.25,261.5,29590
2026-05-11 14:40:00,261.25,261.5,261.25,261.25,54443
2026-05-11 14:41:00,261.0,261.25,261.0,261.0,31226
2026-05-11 14:42:00,261.0,261.25,260.75,261.0,100486
2026-05-11 14:43:00,261.25,261.25,260.75,261.0,82037
2026-05-11 14:44:00,261.0,261.25,261.0,261.25,28554
2026-05-11 14:45:00,261.25,261.25,261.0,261.0,31392
2026-05-11 14:46:00,261.25,261.25,261.0,261.0,42676
2026-05-11 14:47:00,260.5,261.25,260.25,261.25,203389
2026-05-11 14:48:00,260.75,260.75,260.25,260.5,170002
2026-05-11 14:49:00,260.75,261.0,260.75,261.0,38442
2026-05-11 14:50:00,259.75,261.0,259.5,261.0,378070
2026-05-11 14:51:00,259.75,260.0,259.5,259.5,133219
2026-05-11 14:52:00,259.75,259.75,259.5,259.5,175434
2026-05-11 14:53:00,259.75,259.75,259.5,259.75,136127
2026-05-11 14:54:00,259.5,259.75,259.5,259.75,105152
2026-05-11 14:55:00,259.75,259.75,259.5,259.75,71476
2026-05-11 14:56:00,259.75,259.75,259.5,259.75,118198
2026-05-11 14:57:00,259.75,260.0,259.5,259.75,162821
2026-05-11 14:58:00,259.5,260.0,259.5,260.0,161308
2026-05-11 14:59:00,260.0,260.0,259.5,259.5,188926
2026-05-12 10:00:00,258.25,258.25,257.75,258.0,69900
2026-05-12 10:01:00,258.0,258.25,258.0,258.0,18072
2026-05-12 10:02:00,258.25,258.25,258.0,258.25,1619
2026-05-12 10:03:00,258.25,258.25,258.0,258.25,15639
2026-05-12 10:04:00,258.25,258.25,258.0,258.25,27369
2026-05-12 10:05:00,258.25,258.25,258.0,258.25,25790
2026-05-12 10:06:00,258.25,258.5,258.0,258.25,23169
2026-05-12 10:07:00,258.5,258.5,258.25,258.25,6582
2026-05-12 10:08:00,258.5,258.5,258.25,258.5,26072
2026-05-12 10:09:00,258.5,258.5,258.25,258.5,7878
2026-05-12 10:10:00,258.5,258.5,258.25,258.5,10229
2026-05-12 10:11:00,258.25,258.5,258.25,258.5,9438
2026-05-12 10:12:00,258.25,258.5,258.25,258.5,12418
2026-05-12 10:13:00,258.5,258.5,258.25,258.25,30143
2026-05-12 10:14:00,258.0,258.5,257.75,258.5,88763
2026-05-12 10:15:00,258.25,258.5,258.25,258.25,19385
2026-05-12 10:16:00,258.25,258.5,258.25,258.5,15616
2026-05-12 10:17:00,258.25,258.25,258.0,258.25,13588
2026-05-12 10:18:00,258.0,258.25,258.0,258.25,42804
2026-05-12 10:19:00,258.0,258.25,258.0,258.25,9908
2026-05-12 10:20:00,258.5,258.5,258.0,258.0,19299
2026-05-12 10:21:00,258.25,258.5,258.0,258.5,25616
2026-05-12 10:22:00,258.0,258.5,258.0,258.5,19289
2026-05-12 10:23:00,258.25,258.5,258.0,258.0,19895
2026-05-12 10:24:00,258.5,258.5,258.0,258.25,20939
2026-05-12 10:25:00,258.5,258.5,258.25,258.5,7302
2026-05-12 10:26:00,258.75,258.75,258.25,258.5,34200
2026-05-12 10:27:00,258.75,258.75,258.5,258.75,7597
2026-05-12 10:28:00,258.75,258.75,258.5,258.75,6307
2026-05-12 10:29:00,258.75,258.75,258.5,258.75,4210
2026-05-12 10:30:00,258.75,258.75,258.5,258.5,19807
2026-05-12 10:31:00,258.5,258.75,258.5,258.75,6135
2026-05-12 10:32:00,258.75,258.75,258.5,258.75,2076
2026-05-12 10:33:00,259.0,259.0,258.5,258.75,105521
2026-05-12 10:34:00,259.0,259.25,258.75,259.0,66257
2026-05-12 10:35:00,259.5,259.5,259.0,259.0,86065
2026-05-12 10:36:00,259.5,259.75,259.25,259.25,52858
2026-05-12 10:37:00,259.5,259.75,259.5,259.75,19441
2026-05-12 10:38:00,259.5,259.75,259.25,259.5,33499
2026-05-12 10:39:00,260.0,260.0,259.25,259.25,137243
2026-05-12 10:40:00,260.0,260.25,259.75,260.0,94649
2026-05-12 10:41:00,260.25,260.25,260.0,260.0,36992
2026-05-12 10:42:00,260.25,260.25,260.0,260.0,135473
2026-05-12 10:43:00,259.75,260.25,259.5,260.25,72663
2026-05-12 10:44:00,259.75,260.25,259.5,259.75,321238
2026-05-12 10:45:00,259.75,260.0,259.5,259.75,27276
2026-05-12 10:46:00,259.5,259.75,259.5,259.5,5219
2026-05-12 10:47:00,259.0,259.75,259.0,259.75,54562
2026-05-12 10:48:00,259.5,259.5,259.0,259.0,35658
2026-05-12 10:49:00,259.5,259.75,259.5,259.5,23032
2026-05-12 10:50:00,259.75,259.75,259.5,259.75,11349
2026-05-12 10:51:00,259.75,259.75,259.5,259.5,9785
2026-05-12 10:52:00,259.75,259.75,259.5,259.5,24784
2026-05-12 10:53:00,259.75,259.75,259.5,259.75,18431
2026-05-12 10:54:00,260.0,260.0,259.5,259.75,69742
2026-05-12 10:55:00,260.0,260.0,259.75,260.0,14641
2026-05-12 10:56:00,259.5,260.0,259.5,259.75,33815
2026-05-12 10:57:00,259.75,259.75,259.5,259.5,20033
2026-05-12 10:58:00,259.5,259.75,259.25,259.75,31574
2026-05-12 10:59:00,259.0,259.5,259.0,259.25,43970
2026-05-12 11:00:00,259.0,259.25,259.0,259.25,18824
2026-05-12 11:01:00,259.25,259.25,259.0,259.25,4689
2026-05-12 11:02:00,259.0,259.25,259.0,259.25,40421
2026-05-12 11:03:00,259.25,259.25,259.0,259.25,13413
2026-05-12 11:04:00,259.5,259.5,259.25,259.25,30285
2026-05-12 11:05:00,259.5,259.5,259.25,259.5,24884
2026-05-12 11:06:00,259.5,259.5,259.25,259.25,12870
2026-05-12 11:07:00,259.5,259.5,259.25,259.5,1422
2026-05-12 11:08:00,259.25,259.5,259.25,259.5,15765
2026-05-12 11:09:00,259.5,259.5,259.25,259.5,17508
2026-05-12 11:10:00,259.25,259.5,259.25,259.5,14974
2026-05-12 11:11:00,259.5,259.5,259.25,259.25,3270
2026-05-12 11:12:00,259.25,259.5,259.25,259.5,5350
2026-05-12 11:13:00,259.5,259.5,259.25,259.25,11625
2026-05-12 11:14:00,259.5,259.5,259.25,259.5,4618
2026-05-12 11:15:00,259.5,259.5,259.25,259.5,7220
2026-05-12 11:16:00,259.5,259.75,259.5,259.5,41381
2026-05-12 11:17:00,259.5,259.75,259.5,259.75,39724
2026-05-12 11:18:00,259.5,259.75,259.5,259.5,4776
2026-05-12 11:19:00,259.75,259.75,259.5,259.75,4283
2026-05-12 11:20:00,259.75,259.75,259.5,259.75,31544
2026-05-12 11:21:00,259.5,259.75,259.5,259.5,6202
2026-05-12 11:22:00,259.75,259.75,259.5,259.5,5205
2026-05-12 11:23:00,259.5,259.75,259.5,259.75,38279
2026-05-12 11:24:00,259.5,259.5,259.25,259.25,7550
2026-05-12 11:25:00,259.25,259.5,259.25,259.5,16295
2026-05-12 11:26:00,259.5,259.5,259.25,259.25,7727
2026-05-12 11:27:00,259.25,259.5,259.25,259.25,40115
2026-05-12 11:28:00,259.5,259.5,259.25,259.5,16036
2026-05-12 11:29:00,259.5,259.5,259.25,259.25,18744
2026-05-12 11:30:00,259.25,259.5,259.25,259.25,20001
2026-05-12 11:31:00,259.5,259.5,259.25,259.5,11762
2026-05-12 11:32:00,259.5,259.5,259.25,259.5,8908
2026-05-12 11:33:00,259.5,259.75,259.25,259.25,24821
2026-05-12 11:34:00,259.75,259.75,259.5,259.5,39164
2026-05-12 11:35:00,260.0,260.0,259.75,259.75,27618
2026-05-12 11:36:00,260.0,260.0,259.75,260.0,35679
2026-05-12 11:37:00,259.75,260.0,259.75,260.0,10012
2026-05-12 11:38:00,260.0,260.0,259.75,260.0,16616
2026-05-12 11:39:00,260.0,260.0,259.75,259.75,13431
2026-05-12 11:40:00,259.75,260.0,259.75,260.0,12451
2026-05-12 11:41:00,260.0,260.0,259.75,259.75,15463
2026-05-12 11:42:00,259.75,260.0,259.75,260.0,7456
2026-05-12 11:43:00,260.0,260.0,259.75,260.0,17465
2026-05-12 11:44:00,260.0,260.25,259.75,260.0,52309
2026-05-12 11:45:00,259.75,260.0,259.75,259.75,12685
2026-05-12 11:46:00,259.75,260.0,259.5,260.0,73144
2026-05-12 11:47:00,259.75,259.75,259.5,259.75,6304
2026-05-12 11:48:00,259.75,259.75,259.5,259.5,32566
2026-05-12 11:49:00,259.75,260.0,259.5,259.75,26158
2026-05-12 11:50:00,260.0,260.25,259.75,259.75,53007
2026-05-12 11:51:00,260.0,260.0,259.75,260.0,7847
2026-05-12 11:52:00,260.0,260.25,259.75,260.0,24765
2026-05-12 11:53:00,260.25,260.25,260.0,260.25,9907
2026-05-12 11:54:00,260.0,260.25,260.0,260.25,14253
2026-05-12 11:55:00,260.25,260.25,260.0,260.25,24640
2026-05-12 11:56:00,260.0,260.25,259.75,260.25,40807
2026-05-12 11:57:00,259.75,260.0,259.5,260.0,66040
2026-05-12 11:58:00,259.75,259.75,259.5,259.75,59194
2026-05-12 11:59:00,259.5,259.75,259.5,259.75,43851
2026-05-12 12:00:00,259.75,259.75,259.5,259.75,5518
2026-05-12 12:01:00,259.75,259.75,259.5,259.75,6578
2026-05-12 12:02:00,259.75,259.75,259.5,259.5,9057
2026-05-12 12:03:00,259.75,259.75,259.25,259.75,83930
2026-05-12 12:04:00,259.75,259.75,259.5,259.5,9979
2026-05-12 12:05:00,259.75,259.75,259.5,259.75,5411
2026-05-12 12:06:00,259.5,259.75,259.5,259.5,8989
2026-05-12 12:07:00,259.75,259.75,259.5,259.75,12077
2026-05-12 12:08:00,259.5,260.0,259.5,259.75,52680
2026-05-12 12:09:00,259.5,259.75,259.5,259.5,17910
2026-05-12 12:10:00,259.75,259.75,259.5,259.5,5807
2026-05-12 12:11:00,259.75,259.75,259.5,259.5,25652
2026-05-12 12:12:00,259.75,259.75,259.5,259.75,5584
2026-05-12 12:13:00,259.75,259.75,259.5,259.75,12487
2026-05-12 12:14:00,259.75,259.75,259.5,259.75,6543
2026-05-12 12:15:00,259.75,259.75,259.5,259.75,14861
2026-05-12 12:16:00,259.75,259.75,259.5,259.75,7151
2026-05-12 12:17:00,259.5,259.75,259.5,259.75,3218
2026-05-12 12:18:00,259.5,259.75,259.5,259.75,5396
2026-05-12 12:19:00,259.75,259.75,259.5,259.75,10737
2026-05-12 12:20:00,259.75,259.75,259.5,259.75,4428
2026-05-12 12:21:00,259.5,259.75,259.25,259.5,34993
2026-05-12 12:22:00,259.25,259.5,259.0,259.5,78748
2026-05-12 12:23:00,259.25,259.25,259.0,259.25,5687
2026-05-12 12:24:00,259.0,259.25,259.0,259.25,10400
2026-05-12 12:25:00,259.0,259.25,259.0,259.0,7283
2026-05-12 12:26:00,259.0,259.25,259.0,259.0,19399
2026-05-12 12:27:00,259.0,259.25,259.0,259.25,7768
2026-05-12 12:28:00,259.25,259.25,259.0,259.0,12490
2026-05-12 12:29:00,259.0,259.25,259.0,259.0,14959
2026-05-12 12:30:00,259.0,259.25,259.0,259.25,44370
2026-05-12 12:31:00,259.5,259.75,259.0,259.25,151064
2026-05-12 12:32:00,259.75,259.75,259.5,259.75,6425
2026-05-12 12:33:00,260.25,260.25,259.5,259.75,159029
2026-05-12 12:34:00,260.25,260.5,260.0,260.25,74250
2026-05-12 12:35:00,260.0,260.25,259.75,260.0,53067
2026-05-12 12:36:00,260.0,260.0,259.75,260.0,9709
2026-05-12 12:37:00,260.0,260.0,259.75,260.0,30471
2026-05-12 12:38:00,260.25,260.25,260.0,260.0,15868
2026-05-12 12:39:00,260.0,260.25,260.0,260.0,14046
2026-05-12 12:40:00,260.25,260.25,260.0,260.0,11351
2026-05-12 12:41:00,260.0,260.25,260.0,260.25,10920
2026-05-12 12:42:00,260.25,260.25,260.0,260.25,23389
2026-05-12 12:43:00,260.0,260.25,259.75,260.25,47005
2026-05-12 12:44:00,260.0,260.0,259.75,260.0,7125
2026-05-12 12:45:00,260.25,260.25,260.0,260.0,47654
2026-05-12 12:46:00,260.25,260.25,260.0,260.0,17147
2026-05-12 12:47:00,260.0,260.25,260.0,260.0,17825
2026-05-12 12:48:00,260.25,260.25,260.0,260.25,10923
2026-05-12 12:49:00,260.25,260.25,260.0,260.25,3264
2026-05-12 12:50:00,260.25,260.25,260.0,260.25,6625
2026-05-12 12:51:00,260.25,260.25,260.0,260.25,50230
2026-05-12 12:52:00,260.25,260.25,260.0,260.25,11375
2026-05-12 12:53:00,259.75,260.25,259.75,260.25,58683
2026-05-12 12:54:00,259.75,260.0,259.75,260.0,26993
2026-05-12 12:55:00,259.75,260.0,259.75,260.0,6726
2026-05-12 12:56:00,259.75,260.0,259.75,260.0,4205
2026-05-12 12:57:00,259.75,260.0,259.75,260.0,3938
2026-05-12 12:58:00,260.25,260.25,259.75,260.0,32964
2026-05-12 12:59:00,259.75,260.25,259.75,260.25,36500
2026-05-12 13:00:00,260.0,260.0,259.75,260.0,12434
2026-05-12 13:01:00,260.0,260.0,259.75,260.0,5080
2026-05-12 13:02:00,259.75,260.0,259.75,260.0,6011
2026-05-12 13:03:00,260.0,260.0,259.75,260.0,5506
2026-05-12 13:04:00,259.75,260.0,259.5,259.75,32435
2026-05-12 13:05:00,260.0,260.0,259.75,259.75,32695
2026-05-12 13:06:00,260.0,260.0,259.75,259.75,15663
2026-05-12 13:07:00,260.0,260.0,259.75,260.0,10512
2026-05-12 13:08:00,259.75,260.0,259.75,260.0,23971
2026-05-12 13:09:00,259.5,260.0,259.5,260.0,38504
2026-05-12 13:10:00,259.5,259.75,259.5,259.75,7388
2026-05-12 13:11:00,259.75,259.75,259.5,259.5,11432
2026-05-12 13:12:00,259.75,259.75,259.5,259.5,47396
2026-05-12 13:13:00,259.5,259.75,259.5,259.75,2435
2026-05-12 13:14:00,259.75,259.75,259.5,259.5,6417
2026-05-12 13:15:00,259.75,259.75,259.5,259.75,12066
2026-05-12 13:16:00,259.5,259.75,259.5,259.5,7683
2026-05-12 13:17:00,259.25,259.75,259.25,259.75,16968
2026-05-12 13:18:00,259.25,259.5,259.0,259.25,40192
2026-05-12 13:19:00,259.25,259.25,259.0,259.25,12494
2026-05-12 13:20:00,258.75,259.25,258.75,259.0,83900
2026-05-12 13:21:00,258.75,259.0,258.75,259.0,58369
2026-05-12 13:22:00,259.0,259.0,258.75,259.0,12780
2026-05-12 13:23:00,259.0,259.0,258.75,259.0,50924
2026-05-12 13:24:00,259.0,259.0,258.75,258.75,3055
2026-05-12 13:25:00,259.0,259.0,258.75,258.75,7899
2026-05-12 13:26:00,258.75,259.0,258.5,259.0,30398
2026-05-12 13:27:00,258.5,258.75,258.5,258.75,10257
2026-05-12 13:28:00,258.75,258.75,258.5,258.5,12851
2026-05-12 13:29:00,258.75,258.75,258.5,258.5,24488
2026-05-12 13:30:00,258.5,258.75,258.25,258.75,48186
2026-05-12 13:31:00,258.25,258.5,258.25,258.25,131148
2026-05-12 13:32:00,258.5,258.5,258.25,258.25,36517
2026-05-12 13:33:00,258.5,258.5,258.25,258.25,9658
2026-05-12 13:34:00,258.75,258.75,258.25,258.5,41941
2026-05-12 13:35:00,258.5,258.5,258.25,258.5,28101
2026-05-12 13:36:00,258.5,258.5,258.25,258.5,29209
2026-05-12 13:37:00,258.25,258.5,258.25,258.5,12450
2026-05-12 13:38:00,258.75,258.75,258.25,258.5,59053
2026-05-12 13:39:00,258.75,258.75,258.5,258.75,8147
2026-05-12 13:40:00,258.5,258.75,258.5,258.75,14384
2026-05-12 13:41:00,258.5,258.75,258.25,258.75,100892
2026-05-12 13:42:00,258.75,258.75,258.5,258.75,6581
2026-05-12 13:43:00,258.5,258.75,258.5,258.75,2827
2026-05-12 13:44:00,258.75,258.75,258.5,258.5,18289
2026-05-12 13:45:00,258.75,258.75,258.5,258.75,24532
2026-05-12 13:46:00,258.0,258.75,257.75,258.5,229504
2026-05-12 13:47:00,258.25,258.25,257.75,258.0,79534
2026-05-12 13:48:00,258.0,258.25,257.75,258.25,20066
2026-05-12 13:49:00,257.75,258.0,257.5,257.75,95531
2026-05-12 13:50:00,257.75,258.0,257.5,257.75,56665
2026-05-12 13:51:00,257.75,257.75,257.5,257.75,38313
2026-05-12 13:52:00,257.5,257.75,257.5,257.5,21815
2026-05-12 13:53:00,257.5,257.75,257.25,257.75,62768
2026-05-12 13:54:00,257.0,257.5,257.0,257.5,228973
2026-05-12 13:55:00,257.25,257.25,257.0,257.0,32984
2026-05-12 13:56:00,257.0,257.25,256.75,257.0,90892
2026-05-12 13:57:00,256.75,257.0,256.75,257.0,32898
2026-05-12 13:58:00,257.0,257.0,256.75,257.0,34372
2026-05-12 13:59:00,256.75,257.0,256.75,256.75,31853
2026-05-12 14:00:00,257.0,257.0,256.75,256.75,61645
2026-05-12 14:01:00,257.0,257.0,256.75,257.0,100575
2026-05-12 14:02:00,257.25,257.25,256.75,256.75,108458
2026-05-12 14:03:00,257.0,257.5,256.5,257.25,195599
2026-05-12 14:04:00,257.0,257.25,256.75,257.0,98441
2026-05-12 14:05:00,257.25,257.25,257.0,257.25,70613
2026-05-12 14:06:00,257.25,257.25,257.0,257.25,57688
2026-05-12 14:07:00,256.75,257.25,256.75,257.25,76487
2026-05-12 14:08:00,256.75,257.0,256.75,257.0,40315
2026-05-12 14:09:00,256.75,257.0,256.75,257.0,21780
2026-05-12 14:10:00,257.25,257.25,256.75,257.0,33405
2026-05-12 14:11:00,257.0,257.25,256.75,257.25,37914
2026-05-12 14:12:00,257.0,257.0,256.75,257.0,30898
2026-05-12 14:13:00,256.75,257.0,256.5,257.0,49538
2026-05-12 14:14:00,256.5,256.75,256.25,256.75,66391
2026-05-12 14:15:00,256.5,256.5,256.25,256.5,23135
2026-05-12 14:16:00,256.0,256.5,255.75,256.5,84634
2026-05-12 14:17:00,255.5,255.75,255.0,255.75,131465
2026-05-12 14:18:00,256.25,256.5,255.0,255.25,286552
2026-05-12 14:19:00,256.0,256.25,255.75,256.25,55338
2026-05-12 14:20:00,256.0,256.25,255.75,255.75,191432
2026-05-12 14:21:00,256.0,256.0,255.5,256.0,84572
2026-05-12 14:22:00,256.75,256.75,256.0,256.0,211110
2026-05-12 14:23:00,257.0,257.0,256.5,256.75,43932
2026-05-12 14:24:00,257.0,257.25,256.75,257.0,89898
2026-05-12 14:25:00,257.0,257.25,256.75,257.0,13573
2026-05-12 14:26:00,257.0,257.25,256.75,257.25,51307
2026-05-12 14:27:00,257.5,258.0,257.25,257.25,194861
2026-05-12 14:28:00,257.75,257.75,257.5,257.75,11848
2026-05-12 14:29:00,257.5,257.75,257.25,257.75,38239
2026-05-12 14:30:00,257.0,257.5,257.0,257.5,25155
2026-05-12 14:31:00,257.0,257.25,256.75,257.0,43892
2026-05-12 14:32:00,256.75,257.25,256.75,257.0,54437
2026-05-12 14:33:00,257.25,257.25,256.75,257.0,53667
2026-05-12 14:34:00,257.0,257.25,256.75,257.0,47921
2026-05-12 14:35:00,256.5,257.0,256.5,257.0,29434
2026-05-12 14:36:00,256.75,256.75,256.5,256.5,56052
2026-05-12 14:37:00,256.25,256.75,256.25,256.5,69546
2026-05-12 14:38:00,256.5,256.5,256.25,256.5,123929
2026-05-12 14:39:00,256.25,256.5,256.25,256.25,37109
2026-05-12 14:40:00,256.5,256.5,256.25,256.5,58138
2026-05-12 14:41:00,256.25,256.5,255.75,256.25,106280
2026-05-12 14:42:00,256.5,256.5,256.0,256.0,80439
2026-05-12 14:43:00,256.25,256.5,255.75,256.5,101832
2026-05-12 14:44:00,256.5,256.5,256.0,256.25,72373
2026-05-12 14:45:00,256.25,256.5,256.25,256.25,25225
2026-05-12 14:46:00,255.75,256.5,255.75,256.5,134919
2026-05-12 14:47:00,255.75,256.0,255.25,256.0,251150
2026-05-12 14:48:00,255.5,256.0,255.5,255.5,53331
2026-05-12 14:49:00,255.25,255.75,255.25,255.5,112095
2026-05-12 14:50:00,255.25,255.5,255.0,255.5,224793
2026-05-12 14:51:00,254.75,255.25,254.75,255.25,89395
2026-05-12 14:52:00,255.25,255.25,254.75,255.0,96480
2026-05-12 14:53:00,255.0,255.25,254.75,255.0,85182
2026-05-12 14:54:00,255.0,255.0,254.75,255.0,51884
2026-05-12 14:55:00,255.25,255.25,254.75,255.0,136521
2026-05-12 14:56:00,255.0,255.25,254.75,255.0,66144
2026-05-12 14:57:00,254.75,255.0,254.75,255.0,62465
2026-05-12 14:58:00,254.75,255.0,254.5,254.75,161016
2026-05-12 14:59:00,256.25,256.25,254.75,255.0,216576
2026-05-13 10:00:00,253.0,253.0,252.75,252.75,17264
2026-05-13 10:01:00,253.0,253.0,252.75,253.0,6185
2026-05-13 10:02:00,253.0,253.0,252.75,253.0,8136
2026-05-13 10:03:00,252.75,253.0,252.75,253.0,78669
2026-05-13 10:04:00,252.5,252.75,252.5,252.75,45390
2026-05-13 10:05:00,252.75,252.75,252.25,252.5,34210
2026-05-13 10:06:00,252.5,252.75,252.5,252.75,5016
2026-05-13 10:07:00,252.75,252.75,252.5,252.75,4180
2026-05-13 10:08:00,252.75,252.75,252.5,252.75,19847
2026-05-13 10:09:00,252.75,252.75,252.5,252.75,16280
2026-05-13 10:10:00,252.5,252.75,252.25,252.75,52019
2026-05-13 10:11:00,252.5,252.5,252.25,252.5,10256
2026-05-13 10:12:00,252.5,252.75,252.25,252.5,56468
2026-05-13 10:13:00,252.75,252.75,252.5,252.5,1422
2026-05-13 10:14:00,252.75,252.75,252.5,252.5,3737
2026-05-13 10:15:00,252.75,252.75,252.5,252.75,21115
2026-05-13 10:16:00,252.75,252.75,252.5,252.75,4910
2026-05-13 10:17:00,252.75,252.75,252.5,252.75,1426
2026-05-13 10:18:00,252.75,252.75,252.5,252.5,1031
2026-05-13 10:19:00,252.5,252.75,252.5,252.75,7527
2026-05-13 10:20:00,252.75,252.75,252.5,252.75,13964
2026-05-13 10:21:00,252.75,252.75,252.5,252.5,4856
2026-05-13 10:22:00,252.75,252.75,252.5,252.75,3857
2026-05-13 10:23:00,252.75,252.75,252.5,252.75,3490
2026-05-13 10:24:00,253.0,253.0,252.75,252.75,71861
2026-05-13 10:25:00,253.25,253.25,252.75,253.0,81356
2026-05-13 10:26:00,253.25,253.25,253.0,253.25,8364
2026-05-13 10:27:00,253.0,253.25,253.0,253.25,13235
2026-05-13 10:28:00,253.25,253.25,253.0,253.25,3868
2026-05-13 10:29:00,253.0,253.25,253.0,253.25,5549
2026-05-13 10:30:00,253.25,253.5,253.0,253.25,98714
2026-05-13 10:31:00,253.25,253.25,253.0,253.25,37187
2026-05-13 10:32:00,253.25,253.25,253.0,253.25,6095
2026-05-13 10:33:00,253.25,253.25,253.0,253.25,2079
2026-05-13 10:34:00,253.25,253.25,253.0,253.25,8533
2026-05-13 10:35:00,253.25,253.25,253.0,253.25,3820
2026-05-13 10:36:00,253.0,253.25,253.0,253.25,984
2026-05-13 10:37:00,253.0,253.25,253.0,253.25,3079
2026-05-13 10:38:00,253.25,253.25,253.0,253.25,2229
2026-05-13 10:39:00,253.25,253.25,253.0,253.25,8325
2026-05-13 10:40:00,253.5,253.5,253.0,253.25,7808
2026-05-13 10:41:00,254.0,254.25,253.25,253.5,188406
2026-05-13 10:42:00,254.0,254.25,253.75,254.0,26185
2026-05-13 10:43:00,254.0,254.0,253.75,254.0,12238
2026-05-13 10:44:00,253.75,254.0,253.5,254.0,22913
2026-05-13 10:45:00,253.75,253.75,253.5,253.75,1131
2026-05-13 10:46:00,253.75,254.0,253.5,253.5,37516
2026-05-13 10:47:00,253.75,254.0,253.75,253.75,7948
2026-05-13 10:48:00,254.0,254.0,253.75,253.75,15321
2026-05-13 10:49:00,254.0,254.25,253.75,254.0,92175
2026-05-13 10:50:00,253.75,254.0,253.5,254.0,8356
2026-05-13 10:51:00,253.75,254.0,253.5,253.75,28176
2026-05-13 10:52:00,254.25,254.5,254.0,254.0,110041
2026-05-13 10:53:00,253.75,254.25,253.75,254.25,132960
2026-05-13 10:54:00,254.0,254.0,253.75,254.0,6881
2026-05-13 10:55:00,254.0,254.0,253.75,253.75,1112
2026-05-13 10:56:00,254.0,254.0,253.75,254.0,2552
2026-05-13 10:57:00,254.0,254.0,253.75,253.75,3467
2026-05-13 10:58:00,254.0,254.0,253.75,254.0,2876
2026-05-13 10:59:00,253.75,254.0,253.75,254.0,3703
2026-05-13 11:00:00,254.0,254.0,253.75,254.0,8337
2026-05-13 11:01:00,254.0,254.0,253.75,254.0,8288
2026-05-13 11:02:00,253.75,254.0,253.5,254.0,36568
2026-05-13 11:03:00,253.75,254.0,253.5,253.75,31400
2026-05-13 11:04:00,254.0,254.25,253.75,253.75,210001
2026-05-13 11:05:00,254.5,254.75,254.0,254.25,226844
2026-05-13 11:06:00,254.5,255.0,254.5,254.5,66565
2026-05-13 11:07:00,254.5,254.75,254.5,254.75,28879
2026-05-13 11:08:00,255.0,255.0,254.5,254.75,50790
2026-05-13 11:09:00,255.0,255.0,254.75,255.0,7232
2026-05-13 11:10:00,255.0,255.25,254.75,255.0,192841
2026-05-13 11:11:00,255.0,255.25,254.75,255.0,48239
2026-05-13 11:12:00,254.75,255.0,254.75,254.75,1320
2026-05-13 11:13:00,254.75,255.0,254.75,255.0,8309
2026-05-13 11:14:00,254.75,254.75,254.5,254.75,106495
2026-05-13 11:15:00,254.5,254.75,254.5,254.75,18327
2026-05-13 11:16:00,254.75,254.75,254.5,254.75,5789
2026-05-13 11:17:00,254.75,254.75,254.5,254.5,53900
2026-05-13 11:18:00,255.25,255.25,254.75,255.0,84608
2026-05-13 11:19:00,255.0,255.25,255.0,255.25,91802
2026-05-13 11:20:00,255.0,255.25,255.0,255.25,5268
2026-05-13 11:21:00,255.25,255.5,255.0,255.25,107096
2026-05-13 11:22:00,255.25,255.25,255.0,255.25,3782
2026-05-13 11:23:00,255.25,255.25,255.0,255.25,27826
2026-05-13 11:24:00,255.0,255.5,255.0,255.0,85902
2026-05-13 11:25:00,255.0,255.25,254.75,255.25,18049
2026-05-13 11:26:00,254.75,255.0,254.5,255.0,76470
2026-05-13 11:27:00,254.5,254.75,254.5,254.75,8830
2026-05-13 11:28:00,254.5,254.75,254.5,254.75,2260
2026-05-13 11:29:00,254.5,254.75,254.25,254.75,31514
2026-05-13 11:30:00,254.5,254.5,254.25,254.25,8273
2026-05-13 11:31:00,254.0,254.25,254.0,254.25,53843
2026-05-13 11:32:00,254.25,254.25,254.0,254.0,3188
2026-05-13 11:33:00,254.0,254.25,253.75,254.25,123957
2026-05-13 11:34:00,253.5,254.0,253.25,253.75,144235
2026-05-13 11:35:00,253.5,253.5,253.25,253.5,12822
2026-05-13 11:36:00,253.25,253.5,253.25,253.5,3881
2026-05-13 11:37:00,253.0,253.5,253.0,253.25,102437
2026-05-13 11:38:00,253.25,253.25,253.0,253.25,3657
2026-05-13 11:39:00,253.25,253.25,253.0,253.0,10044
2026-05-13 11:40:00,253.25,253.25,252.75,253.25,89852
2026-05-13 11:41:00,253.25,253.5,253.0,253.25,17363
2026-05-13 11:42:00,253.25,253.5,253.0,253.25,102179
2026-05-13 11:43:00,253.0,253.25,252.75,253.25,30197
2026-05-13 11:44:00,253.0,253.0,252.75,253.0,2296
2026-05-13 11:45:00,253.0,253.0,252.75,253.0,3533
2026-05-13 11:46:00,252.75,253.0,252.75,253.0,11276
2026-05-13 11:47:00,253.0,253.0,252.75,253.0,14142
2026-05-13 11:48:00,252.75,253.0,252.75,253.0,3398
2026-05-13 11:49:00,252.75,253.0,252.75,253.0,7447
2026-05-13 11:50:00,252.75,253.0,252.75,253.0,58920
2026-05-13 11:51:00,253.0,253.0,252.75,253.0,3940
2026-05-13 11:52:00,253.0,253.25,252.75,253.0,85058
2026-05-13 11:53:00,252.75,253.0,252.75,253.0,2080
2026-05-13 11:54:00,253.0,253.0,252.75,253.0,9750
2026-05-13 11:55:00,253.0,253.0,252.75,253.0,5757
2026-05-13 11:56:00,253.0,253.0,252.75,252.75,4171
2026-05-13 11:57:00,253.0,253.0,252.75,253.0,4828
2026-05-13 11:58:00,253.0,253.0,252.75,253.0,9222
2026-05-13 11:59:00,253.0,253.0,252.75,253.0,3609
2026-05-13 12:00:00,253.0,253.0,252.75,253.0,4767
2026-05-13 12:01:00,253.0,253.0,252.75,252.75,6329
2026-05-13 12:02:00,252.5,253.0,252.25,253.0,93981
2026-05-13 12:03:00,252.75,252.75,252.5,252.5,29844
2026-05-13 12:04:00,252.5,252.75,252.25,252.75,54697
2026-05-13 12:05:00,252.5,252.5,252.25,252.5,25908
2026-05-13 12:06:00,252.5,252.5,252.25,252.5,2125
2026-05-13 12:07:00,252.5,252.5,252.25,252.5,18968
2026-05-13 12:08:00,252.5,252.5,252.25,252.5,34963
2026-05-13 12:09:00,252.75,252.75,252.5,252.75,9294
2026-05-13 12:10:00,252.5,252.75,252.5,252.5,49994
2026-05-13 12:11:00,252.75,252.75,252.5,252.75,10395
2026-05-13 12:12:00,252.5,252.75,252.5,252.75,7735
2026-05-13 12:13:00,252.75,252.75,252.5,252.5,8320
2026-05-13 12:14:00,252.5,252.75,252.25,252.75,24085
2026-05-13 12:15:00,252.5,252.5,252.25,252.25,19432
2026-05-13 12:16:00,251.5,252.5,251.25,252.5,178021
2026-05-13 12:17:00,251.75,251.75,251.25,251.5,44193
2026-05-13 12:18:00,251.75,251.75,251.5,251.75,19712
2026-05-13 12:19:00,251.5,251.75,251.25,251.5,44612
2026-05-13 12:20:00,251.25,251.5,251.0,251.5,56756
2026-05-13 12:21:00,251.25,251.5,251.0,251.0,88669
2026-05-13 12:22:00,251.25,251.5,251.0,251.5,117807
2026-05-13 12:23:00,251.25,251.5,251.0,251.0,55639
2026-05-13 12:24:00,251.5,251.5,251.25,251.25,8247
2026-05-13 12:25:00,251.0,251.5,250.75,251.5,68251
2026-05-13 12:26:00,251.5,251.5,250.75,251.0,124736
2026-05-13 12:27:00,251.0,251.5,250.75,251.5,57569
2026-05-13 12:28:00,251.0,251.0,250.75,251.0,8546
2026-05-13 12:29:00,250.75,251.0,250.75,250.75,8482
2026-05-13 12:30:00,250.5,251.0,250.5,251.0,94841
2026-05-13 12:31:00,250.5,250.75,250.5,250.75,21494
2026-05-13 12:32:00,250.5,250.75,250.5,250.75,25321
2026-05-13 12:33:00,250.75,250.75,250.5,250.75,10054
2026-05-13 12:34:00,250.75,250.75,250.5,250.75,10973
2026-05-13 12:35:00,250.75,250.75,250.5,250.75,5072
2026-05-13 12:36:00,251.0,251.0,250.5,250.75,85027
2026-05-13 12:37:00,251.0,251.25,250.75,251.0,65183
2026-05-13 12:38:00,251.25,251.25,251.0,251.25,13467
2026-05-13 12:39:00,251.0,251.25,250.75,251.25,58172
2026-05-13 12:40:00,250.75,251.0,250.5,251.0,55906
2026-05-13 12:41:00,250.75,251.0,250.5,250.5,169789
2026-05-13 12:42:00,251.0,251.0,250.75,250.75,4451
2026-05-13 12:43:00,251.0,251.0,250.75,250.75,46584
2026-05-13 12:44:00,251.0,251.0,250.75,251.0,3368
2026-05-13 12:45:00,250.75,251.0,250.5,251.0,54675
2026-05-13 12:46:00,251.0,251.0,250.5,250.75,38120
2026-05-13 12:47:00,250.75,251.0,250.75,251.0,917
2026-05-13 12:48:00,251.0,251.0,250.75,251.0,9630
2026-05-13 12:49:00,251.0,251.0,250.75,251.0,4258
2026-05-13 12:50:00,250.5,251.0,250.5,251.0,172557
2026-05-13 12:51:00,250.25,250.75,250.25,250.75,96120
2026-05-13 12:52:00,250.25,250.5,250.25,250.25,17914
2026-05-13 12:53:00,250.25,250.5,250.25,250.5,31480
2026-05-13 12:54:00,250.5,250.5,250.25,250.5,5169
2026-05-13 12:55:00,250.75,250.75,250.25,250.5,83117
2026-05-13 12:56:00,251.0,251.25,250.5,250.75,93426
2026-05-13 12:57:00,251.5,251.75,251.0,251.0,89410
2026-05-13 12:58:00,251.5,251.75,251.5,251.75,63474
2026-05-13 12:59:00,251.75,251.75,251.5,251.5,6614
2026-05-13 13:00:00,252.0,252.5,251.75,251.75,73876
2026-05-13 13:01:00,252.0,252.25,251.75,252.25,55167
2026-05-13 13:02:00,252.0,252.0,251.75,251.75,7569
2026-05-13 13:03:00,252.0,252.25,251.75,252.0,48135
2026-05-13 13:04:00,252.0,252.25,251.75,252.25,18051
2026-05-13 13:05:00,252.0,252.0,251.75,251.75,10371
2026-05-13 13:06:00,252.0,252.0,251.75,252.0,23348
2026-05-13 13:07:00,251.5,252.0,251.5,252.0,31159
2026-05-13 13:08:00,251.5,251.75,251.5,251.5,11383
2026-05-13 13:09:00,252.0,252.25,251.5,251.5,71705
2026-05-13 13:10:00,252.0,252.25,252.0,252.25,47987
2026-05-13 13:11:00,252.25,252.25,252.0,252.0,41238
2026-05-13 13:12:00,252.0,252.25,252.0,252.25,5166
2026-05-13 13:13:00,252.0,252.25,251.75,252.25,22080
2026-05-13 13:14:00,252.0,252.0,251.75,252.0,4100
2026-05-13 13:15:00,252.25,252.5,251.75,251.75,116577
2026-05-13 13:16:00,252.0,252.5,252.0,252.5,29042
2026-05-13 13:17:00,252.0,252.25,252.0,252.25,10069
2026-05-13 13:18:00,252.0,252.25,252.0,252.25,14410
2026-05-13 13:19:00,252.5,252.5,252.25,252.25,102128
2026-05-13 13:20:00,252.75,252.75,252.25,252.5,56275
2026-05-13 13:21:00,252.75,252.75,252.5,252.5,9869
2026-05-13 13:22:00,252.5,252.75,252.5,252.5,4858
2026-05-13 13:23:00,252.5,252.75,252.5,252.5,6409
2026-05-13 13:24:00,252.75,252.75,252.5,252.5,24219
2026-05-13 13:25:00,253.0,253.0,252.5,252.75,39856
2026-05-13 13:26:00,252.75,253.0,252.5,253.0,61344
2026-05-13 13:27:00,252.75,252.75,252.5,252.75,71877
2026-05-13 13:28:00,253.0,253.0,252.75,252.75,50974
2026-05-13 13:29:00,253.5,253.5,252.5,252.75,102650
2026-05-13 13:30:00,253.25,253.5,253.25,253.5,62754
2026-05-13 13:31:00,253.25,253.5,253.0,253.5,118809
2026-05-13 13:32:00,252.75,253.25,252.75,253.25,51250
2026-05-13 13:33:00,252.75,253.0,252.25,253.0,150234
2026-05-13 13:34:00,252.75,252.75,252.5,252.5,7466
2026-05-13 13:35:00,252.75,253.0,252.5,252.5,35985
2026-05-13 13:36:00,253.0,253.25,252.75,253.0,51144
2026-05-13 13:37:00,252.75,253.0,252.5,252.75,56115
2026-05-13 13:38:00,252.75,253.25,252.5,252.75,162852
2026-05-13 13:39:00,252.5,252.75,252.5,252.75,22955
2026-05-13 13:40:00,252.75,253.0,252.25,252.75,60448
2026-05-13 13:41:00,252.5,253.0,252.5,253.0,33515
2026-05-13 13:42:00,252.5,252.75,252.5,252.5,13306
2026-05-13 13:43:00,252.25,252.5,252.0,252.5,64333
2026-05-13 13:44:00,252.25,252.25,252.0,252.25,11880
2026-05-13 13:45:00,252.25,252.25,252.0,252.0,2703
2026-05-13 13:46:00,252.25,252.25,252.0,252.0,2550
2026-05-13 13:47:00,252.25,252.25,252.0,252.25,8526
2026-05-13 13:48:00,252.5,252.5,252.0,252.25,44019
2026-05-13 13:49:00,252.25,252.5,252.0,252.25,38951
2026-05-13 13:50:00,251.75,252.25,251.5,252.25,82064
2026-05-13 13:51:00,251.75,251.75,251.5,251.75,18462
2026-05-13 13:52:00,251.75,251.75,251.5,251.75,11278
2026-05-13 13:53:00,251.5,251.75,251.5,251.75,11182
2026-05-13 13:54:00,251.75,251.75,251.5,251.75,16478
2026-05-13 13:55:00,252.0,252.0,251.5,251.75,30591
2026-05-13 13:56:00,251.5,252.0,251.5,251.75,30557
2026-05-13 13:57:00,251.5,251.75,251.25,251.75,24228
2026-05-13 13:58:00,251.5,251.5,251.0,251.25,67962
2026-05-13 13:59:00,251.5,251.5,251.25,251.5,4378
2026-05-13 14:00:00,251.25,251.5,251.25,251.5,6338
2026-05-13 14:01:00,251.5,251.5,251.25,251.25,10302
2026-05-13 14:02:00,251.5,251.5,251.25,251.5,8978
2026-05-13 14:03:00,251.25,251.5,251.0,251.25,101981
2026-05-13 14:04:00,251.5,251.5,251.25,251.25,3900
2026-05-13 14:05:00,251.5,251.5,251.25,251.5,9162
2026-05-13 14:06:00,251.5,251.5,251.25,251.5,4786
2026-05-13 14:07:00,251.25,251.5,251.25,251.5,33901
2026-05-13 14:08:00,251.0,251.25,251.0,251.25,31930
2026-05-13 14:09:00,251.0,251.25,251.0,251.0,30617
2026-05-13 14:10:00,251.0,251.25,250.75,251.0,38795
2026-05-13 14:11:00,250.75,251.0,250.75,251.0,7029
2026-05-13 14:12:00,251.0,251.0,250.75,251.0,7719
2026-05-13 14:13:00,250.75,251.0,250.5,250.75,89323
2026-05-13 14:14:00,250.75,251.0,250.5,251.0,48858
2026-05-13 14:15:00,251.0,251.0,250.5,250.75,103516
2026-05-13 14:16:00,251.0,251.0,250.75,251.0,20449
2026-05-13 14:17:00,251.0,251.0,250.75,251.0,46154
2026-05-13 14:18:00,251.0,251.25,250.75,251.0,26541
2026-05-13 14:19:00,251.0,251.0,250.75,251.0,19393
2026-05-13 14:20:00,251.0,251.25,250.75,251.0,54453
2026-05-13 14:21:00,251.0,251.0,250.75,251.0,22335
2026-05-13 14:22:00,251.0,251.25,250.75,251.0,57728
2026-05-13 14:23:00,250.75,251.0,250.5,251.0,51742
2026-05-13 14:24:00,250.75,250.75,250.5,250.5,14347
2026-05-13 14:25:00,251.0,251.0,250.5,250.75,99774
2026-05-13 14:26:00,251.0,251.0,250.75,251.0,30947
2026-05-13 14:27:00,251.0,251.0,250.75,251.0,18077
2026-05-13 14:28:00,251.0,251.0,250.75,251.0,6366
2026-05-13 14:29:00,251.0,251.0,250.75,251.0,11476
2026-05-13 14:30:00,250.75,251.0,250.75,251.0,105349
2026-05-13 14:31:00,250.75,251.0,250.75,251.0,1572
2026-05-13 14:32:00,250.75,251.0,250.75,251.0,3174
2026-05-13 14:33:00,251.0,251.0,250.75,251.0,5700
2026-05-13 14:34:00,251.0,251.0,250.75,251.0,3486
2026-05-13 14:35:00,251.0,251.0,250.75,251.0,12082
2026-05-13 14:36:00,250.75,251.0,250.75,251.0,6737
2026-05-13 14:37:00,250.75,251.0,250.75,251.0,44185
2026-05-13 14:38:00,251.0,251.0,250.75,251.0,12581
2026-05-13 14:39:00,251.0,251.0,250.75,251.0,17668
2026-05-13 14:40:00,251.0,251.0,250.75,251.0,51710
2026-05-13 14:41:00,250.25,250.75,250.0,250.75,327528
2026-05-13 14:42:00,250.25,250.5,250.0,250.5,177858
2026-05-13 14:43:00,250.5,250.75,250.25,250.25,119319
2026-05-13 14:44:00,250.5,250.5,250.25,250.5,9893
2026-05-13 14:45:00,250.25,250.5,250.25,250.5,79087
2026-05-13 14:46:00,250.25,250.5,250.25,250.5,23672
2026-05-13 14:47:00,251.0,251.25,250.25,250.5,207442
2026-05-13 14:48:00,251.0,251.25,250.75,251.0,72073
2026-05-13 14:49:00,251.25,251.25,251.0,251.0,10570
2026-05-13 14:50:00,251.25,251.5,251.0,251.25,179078
2026-05-13 14:51:00,251.25,251.5,251.0,251.5,34766
2026-05-13 14:52:00,251.0,251.25,251.0,251.25,99964
2026-05-13 14:53:00,251.25,251.25,251.0,251.25,44937
2026-05-13 14:54:00,251.25,251.25,251.0,251.0,12843
2026-05-13 14:55:00,251.25,251.25,251.0,251.0,70242
2026-05-13 14:56:00,251.0,251.25,251.0,251.0,95054
2026-05-13 14:57:00,250.75,251.25,250.5,251.0,245571
2026-05-13 14:58:00,250.5,250.75,250.25,250.75,112571
2026-05-13 14:59:00,250.5,251.0,250.25,250.5,158197
2026-05-14 10:00:00,254.0,254.0,253.75,254.0,1639
2026-05-14 10:01:00,253.75,254.0,253.75,254.0,8270
2026-05-14 10:02:00,254.0,254.0,254.0,254.0,8173
2026-05-14 10:03:00,253.75,254.0,253.75,254.0,10879
2026-05-14 10:04:00,254.0,254.0,253.75,253.75,7564
2026-05-14 10:05:00,254.0,254.0,253.75,254.0,1118
2026-05-14 10:06:00,253.5,254.0,253.5,253.75,84107
2026-05-14 10:07:00,253.25,253.5,253.25,253.5,19329
2026-05-14 10:08:00,253.25,253.5,253.0,253.5,24264
2026-05-14 10:09:00,253.0,253.25,253.0,253.25,2237
2026-05-14 10:10:00,253.25,253.5,253.0,253.0,18267
2026-05-14 10:11:00,253.5,253.75,253.25,253.25,9397
2026-05-14 10:12:00,253.5,253.75,253.5,253.75,5815
2026-05-14 10:13:00,253.75,253.75,253.5,253.75,2156
2026-05-14 10:14:00,253.75,253.75,253.5,253.75,1193
2026-05-14 10:15:00,253.5,253.75,253.5,253.75,531
2026-05-14 10:16:00,253.5,253.75,253.5,253.75,401
2026-05-14 10:17:00,253.75,253.75,253.5,253.5,495
2026-05-14 10:18:00,253.75,253.75,253.5,253.75,3381
2026-05-14 10:19:00,253.75,253.75,253.5,253.75,10517
2026-05-14 10:20:00,253.75,253.75,253.5,253.75,2025
2026-05-14 10:21:00,253.75,253.75,253.5,253.5,2746
2026-05-14 10:22:00,253.5,253.75,253.5,253.75,15535
2026-05-14 10:23:00,253.75,253.75,253.5,253.75,9752
2026-05-14 10:24:00,253.75,253.75,253.5,253.75,2162
2026-05-14 10:25:00,253.75,254.0,253.75,253.75,13457
2026-05-14 10:26:00,254.25,254.25,253.75,254.0,40670
2026-05-14 10:27:00,254.0,254.25,254.0,254.25,18258
2026-05-14 10:28:00,254.25,254.5,254.0,254.0,62285
2026-05-14 10:29:00,254.5,254.5,254.25,254.25,13234
2026-05-14 10:30:00,254.5,254.5,254.25,254.25,5894
2026-05-14 10:31:00,254.5,254.5,254.25,254.5,4414
2026-05-14 10:32:00,254.5,254.5,254.25,254.5,3347
2026-05-14 10:33:00,254.5,254.5,254.25,254.5,4705
2026-05-14 10:34:00,254.25,254.5,254.25,254.5,23938
2026-05-14 10:35:00,254.0,254.5,254.0,254.5,6277
2026-05-14 10:36:00,254.25,254.25,254.0,254.0,7546
2026-05-14 10:37:00,254.0,254.25,254.0,254.0,8607
2026-05-14 10:38:00,254.0,254.25,254.0,254.0,5712
2026-05-14 10:39:00,254.0,254.25,254.0,254.0,2536
2026-05-14 10:40:00,254.0,254.25,254.0,254.25,187
2026-05-14 10:41:00,254.25,254.25,254.0,254.25,2861
2026-05-14 10:42:00,254.0,254.25,253.75,254.0,9009
2026-05-14 10:43:00,254.0,254.0,253.75,254.0,570
2026-05-14 10:44:00,254.0,254.0,253.75,253.75,5245
2026-05-14 10:45:00,253.75,254.0,253.75,254.0,1166
2026-05-14 10:46:00,254.0,254.0,253.75,253.75,3612
2026-05-14 10:47:00,254.0,254.0,253.75,254.0,1307
2026-05-14 10:48:00,254.0,254.0,253.75,254.0,9559
2026-05-14 10:49:00,253.75,254.0,253.75,254.0,438
2026-05-14 10:50:00,254.0,254.25,253.75,253.75,46223
2026-05-14 10:51:00,253.75,254.0,253.75,254.0,2204
2026-05-14 10:52:00,254.0,254.0,253.75,254.0,1315
2026-05-14 10:53:00,254.0,254.0,253.75,253.75,5046
2026-05-14 10:54:00,254.0,254.0,253.75,254.0,6617
2026-05-14 10:55:00,253.75,254.0,253.5,254.0,11509
2026-05-14 10:56:00,253.75,253.75,253.5,253.75,9273
2026-05-14 10:57:00,254.0,254.0,253.75,253.75,59305
2026-05-14 10:58:00,254.0,254.0,253.75,254.0,4686
2026-05-14 10:59:00,254.25,254.5,253.75,254.0,68233
2026-05-14 11:00:00,254.75,254.75,254.25,254.5,71714
2026-05-14 11:01:00,255.0,255.25,254.5,254.75,131837
2026-05-14 11:02:00,255.25,255.25,255.0,255.0,49763
2026-05-14 11:03:00,255.0,255.25,255.0,255.25,31745
2026-05-14 11:04:00,255.0,255.25,255.0,255.25,8695
2026-05-14 11:05:00,255.25,255.5,255.0,255.0,156334
2026-05-14 11:06:00,255.0,255.5,254.75,255.5,107978
2026-05-14 11:07:00,254.75,255.0,254.75,255.0,15607
2026-05-14 11:08:00,255.0,255.0,254.75,255.0,8624
2026-05-14 11:09:00,254.75,255.0,254.75,254.75,6090
2026-05-14 11:10:00,255.0,255.0,254.75,255.0,15640
2026-05-14 11:11:00,254.75,254.75,254.5,254.75,18469
2026-05-14 11:12:00,254.75,254.75,254.5,254.75,3535
2026-05-14 11:13:00,254.25,254.5,254.25,254.5,36318
2026-05-14 11:14:00,254.25,254.5,254.25,254.25,4956
2026-05-14 11:15:00,254.25,254.5,254.25,254.5,13237
2026-05-14 11:16:00,254.25,254.5,254.0,254.0,43062
2026-05-14 11:17:00,254.5,254.5,254.25,254.25,1049
2026-05-14 11:18:00,254.75,254.75,254.5,254.5,39946
2026-05-14 11:19:00,254.5,254.75,254.5,254.75,18035
2026-05-14 11:20:00,254.25,254.75,254.0,254.75,57568
2026-05-14 11:21:00,254.25,254.25,254.0,254.25,11276
2026-05-14 11:22:00,254.25,254.25,253.75,254.0,42924
2026-05-14 11:23:00,254.0,254.25,254.0,254.25,1647
2026-05-14 11:24:00,254.25,254.25,254.0,254.0,4586
2026-05-14 11:25:00,254.0,254.25,253.75,254.25,36601
2026-05-14 11:26:00,254.25,254.25,253.75,254.0,34207
2026-05-14 11:27:00,254.25,254.25,254.0,254.0,936
2026-05-14 11:28:00,253.75,254.25,253.75,254.25,23311
2026-05-14 11:29:00,254.0,254.0,253.75,254.0,4191
2026-05-14 11:30:00,254.0,254.0,253.75,254.0,951
2026-05-14 11:31:00,254.0,254.0,253.75,254.0,11482
2026-05-14 11:32:00,253.75,254.0,253.75,253.75,37433
2026-05-14 11:33:00,253.75,254.0,253.75,254.0,1334
2026-05-14 11:34:00,254.0,254.25,253.75,253.75,124990
2026-05-14 11:35:00,254.0,254.0,253.75,253.75,5951
2026-05-14 11:36:00,253.75,254.0,253.75,254.0,2331
2026-05-14 11:37:00,254.0,254.0,253.75,254.0,151
2026-05-14 11:38:00,254.0,254.0,253.75,254.0,1166
2026-05-14 11:39:00,254.0,254.0,253.75,253.75,1979
2026-05-14 11:40:00,253.75,254.0,253.5,254.0,34164
2026-05-14 11:41:00,253.75,253.75,253.5,253.75,4958
2026-05-14 11:42:00,253.75,253.75,253.5,253.75,1651
2026-05-14 11:43:00,253.75,253.75,253.5,253.75,1883
2026-05-14 11:44:00,253.75,253.75,253.5,253.5,15048
2026-05-14 11:45:00,253.75,253.75,253.5,253.5,8385
2026-05-14 11:46:00,253.5,253.75,253.5,253.75,3090
2026-05-14 11:47:00,253.5,253.75,253.5,253.75,1051
2026-05-14 11:48:00,253.75,254.0,253.5,253.75,54122
2026-05-14 11:49:00,253.75,253.75,253.5,253.75,2427
2026-05-14 11:50:00,253.75,253.75,253.5,253.75,2519
2026-05-14 11:51:00,253.5,253.75,253.5,253.5,1005
2026-05-14 11:52:00,253.75,253.75,253.5,253.75,2147
2026-05-14 11:53:00,253.5,253.75,253.5,253.75,4152
2026-05-14 11:54:00,253.5,253.75,253.5,253.75,4856
2026-05-14 11:55:00,253.75,253.75,253.5,253.5,25012
2026-05-14 11:56:00,253.75,253.75,253.5,253.75,7149
2026-05-14 11:57:00,253.5,253.75,253.25,253.75,41529
2026-05-14 11:58:00,253.5,253.5,253.25,253.5,3514
2026-05-14 11:59:00,253.25,253.5,253.25,253.5,1635
2026-05-14 12:00:00,253.5,253.5,253.25,253.5,3744
2026-05-14 12:01:00,253.75,254.0,253.25,253.5,46578
2026-05-14 12:02:00,253.75,254.0,253.5,253.75,29191
2026-05-14 12:03:00,253.5,253.75,253.5,253.75,12847
2026-05-14 12:04:00,253.5,253.75,253.5,253.75,2588
2026-05-14 12:05:00,253.5,253.75,253.5,253.75,1080
2026-05-14 12:06:00,253.75,253.75,253.5,253.75,3279
2026-05-14 12:07:00,253.25,253.75,253.25,253.75,66926
2026-05-14 12:08:00,253.5,253.5,253.25,253.5,4274
2026-05-14 12:09:00,253.25,253.5,253.0,253.5,30716
2026-05-14 12:10:00,253.0,253.25,253.0,253.25,2021
2026-05-14 12:11:00,253.0,253.25,252.75,253.25,135805
2026-05-14 12:12:00,252.75,253.0,252.75,253.0,13343
2026-05-14 12:13:00,252.5,253.0,252.5,252.75,41275
2026-05-14 12:14:00,253.0,253.0,252.5,252.75,62025
2026-05-14 12:15:00,253.0,253.0,252.75,253.0,2273
2026-05-14 12:16:00,252.75,253.0,252.5,252.75,42673
2026-05-14 12:17:00,252.5,252.75,252.5,252.75,3257
2026-05-14 12:18:00,252.75,252.75,252.5,252.75,2007
2026-05-14 12:19:00,252.75,252.75,252.5,252.75,3623
2026-05-14 12:20:00,252.75,252.75,252.5,252.75,9678
2026-05-14 12:21:00,252.5,252.75,252.5,252.75,8179
2026-05-14 12:22:00,252.75,252.75,252.5,252.75,4827
2026-05-14 12:23:00,252.5,252.75,252.25,252.5,62859
2026-05-14 12:24:00,252.5,252.75,252.25,252.25,45837
2026-05-14 12:25:00,252.75,252.75,252.5,252.5,6259
2026-05-14 12:26:00,252.5,252.75,252.5,252.75,7240
2026-05-14 12:27:00,252.25,252.75,252.25,252.75,44285
2026-05-14 12:28:00,252.5,252.5,252.25,252.5,46386
2026-05-14 12:29:00,252.75,253.0,252.25,252.25,92763
2026-05-14 12:30:00,252.75,252.75,252.5,252.5,6301
2026-05-14 12:31:00,252.5,252.75,252.5,252.75,11068
2026-05-14 12:32:00,252.5,252.75,252.5,252.5,464
2026-05-14 12:33:00,252.5,252.75,252.5,252.75,1361
2026-05-14 12:34:00,251.5,252.75,251.25,252.75,348667
2026-05-14 12:35:00,251.5,251.5,251.25,251.5,38016
2026-05-14 12:36:00,252.0,252.0,251.5,251.5,136901
2026-05-14 12:37:00,251.75,252.0,251.75,252.0,31936
2026-05-14 12:38:00,252.0,252.0,251.5,251.5,33519
2026-05-14 12:39:00,252.0,252.0,251.75,252.0,7674
2026-05-14 12:40:00,251.75,252.0,251.5,251.75,32132
2026-05-14 12:41:00,251.5,251.75,251.5,251.75,2238
2026-05-14 12:42:00,251.75,251.75,251.5,251.75,9322
2026-05-14 12:43:00,251.75,251.75,251.5,251.5,8253
2026-05-14 12:44:00,251.75,252.0,251.75,251.75,44582
2026-05-14 12:45:00,251.75,252.0,251.75,251.75,6300
2026-05-14 12:46:00,251.75,252.0,251.75,252.0,9849
2026-05-14 12:47:00,251.75,252.0,251.75,252.0,3287
2026-05-14 12:48:00,252.0,252.0,251.75,252.0,6328
2026-05-14 12:49:00,252.25,252.25,251.75,252.0,22420
2026-05-14 12:50:00,252.0,252.25,252.0,252.25,36134
2026-05-14 12:51:00,252.0,252.0,251.75,252.0,1622
2026-05-14 12:52:00,252.0,252.0,251.75,252.0,1916
2026-05-14 12:53:00,252.0,252.0,251.75,252.0,601
2026-05-14 12:54:00,252.0,252.0,251.75,252.0,1930
2026-05-14 12:55:00,252.0,252.0,251.75,252.0,10941
2026-05-14 12:56:00,252.0,252.0,251.75,252.0,32793
2026-05-14 12:57:00,252.0,252.0,252.0,252.0,2706
2026-05-14 12:58:00,252.0,252.0,251.75,252.0,2864
2026-05-14 12:59:00,252.0,252.0,251.5,252.0,45333
2026-05-14 13:00:00,252.0,252.0,251.75,252.0,7276
2026-05-14 13:01:00,252.5,252.5,251.75,252.0,161180
2026-05-14 13:02:00,252.5,252.5,252.25,252.5,40706
2026-05-14 13:03:00,252.5,252.5,252.25,252.5,458
2026-05-14 13:04:00,252.5,252.5,252.25,252.25,485
2026-05-14 13:05:00,252.5,252.5,252.25,252.5,3122
2026-05-14 13:06:00,252.5,252.5,252.25,252.5,12727
2026-05-14 13:07:00,252.25,252.5,252.25,252.25,7663
2026-05-14 13:08:00,252.5,252.5,252.25,252.5,965
2026-05-14 13:09:00,252.5,252.5,252.25,252.25,1811
2026-05-14 13:10:00,252.25,252.75,252.25,252.5,45850
2026-05-14 13:11:00,252.5,252.75,252.25,252.5,12655
2026-05-14 13:12:00,252.75,252.75,252.5,252.5,1453
2026-05-14 13:13:00,253.0,253.0,252.5,252.75,61775
2026-05-14 13:14:00,253.25,253.25,253.0,253.0,44005
2026-05-14 13:15:00,253.25,253.25,253.0,253.25,6277
2026-05-14 13:16:00,253.25,253.25,253.0,253.0,4285
2026-05-14 13:17:00,253.0,253.25,253.0,253.0,1241
2026-05-14 13:18:00,253.0,253.25,253.0,253.0,15273
2026-05-14 13:19:00,253.0,253.25,253.0,253.25,42925
2026-05-14 13:20:00,253.0,253.25,253.0,253.25,4199
2026-05-14 13:21:00,253.0,253.25,253.0,253.0,5132
2026-05-14 13:22:00,253.0,253.0,252.75,253.0,31924
2026-05-14 13:23:00,253.0,253.25,252.75,252.75,96348
2026-05-14 13:24:00,252.75,253.0,252.5,253.0,12329
2026-05-14 13:25:00,252.75,253.0,252.5,252.75,82721
2026-05-14 13:26:00,252.75,253.0,252.75,252.75,1939
2026-05-14 13:27:00,253.0,253.0,252.75,253.0,1002
2026-05-14 13:28:00,252.75,253.0,252.75,253.0,2143
2026-05-14 13:29:00,253.0,253.0,252.75,252.75,8689
2026-05-14 13:30:00,253.0,253.0,252.75,252.75,1341
2026-05-14 13:31:00,252.75,253.0,252.75,253.0,5973
2026-05-14 13:32:00,253.0,253.0,252.75,252.75,4933
2026-05-14 13:33:00,252.75,252.75,252.5,252.75,10009
2026-05-14 13:34:00,252.5,252.75,252.5,252.5,38970
2026-05-14 13:35:00,252.75,252.75,252.5,252.5,15500
2026-05-14 13:36:00,252.75,252.75,252.5,252.5,8975
2026-05-14 13:37:00,252.75,252.75,252.5,252.5,5693
2026-05-14 13:38:00,252.75,252.75,252.5,252.5,858
2026-05-14 13:39:00,252.75,252.75,252.5,252.5,2226
2026-05-14 13:40:00,252.5,252.75,252.5,252.75,5900
2026-05-14 13:41:00,252.75,252.75,252.5,252.75,6014
2026-05-14 13:42:00,252.5,252.75,252.5,252.5,17340
2026-05-14 13:43:00,252.75,252.75,252.5,252.75,4816
2026-05-14 13:44:00,252.5,252.5,252.25,252.5,21024
2026-05-14 13:45:00,252.25,252.5,252.25,252.25,29404
2026-05-14 13:46:00,252.5,252.75,252.25,252.5,27367
2026-05-14 13:47:00,252.75,252.75,252.5,252.75,435
2026-05-14 13:48:00,252.5,252.75,252.5,252.75,3592
2026-05-14 13:49:00,253.0,253.25,252.75,252.75,86354
2026-05-14 13:50:00,253.0,253.0,252.75,253.0,546
2026-05-14 13:51:00,253.0,253.0,252.75,252.75,1847
2026-05-14 13:52:00,252.75,253.0,252.75,253.0,1121
2026-05-14 13:53:00,253.0,253.0,252.75,253.0,8973
2026-05-14 13:54:00,252.75,253.0,252.75,253.0,6316
2026-05-14 13:55:00,252.75,253.0,252.75,253.0,1223
2026-05-14 13:56:00,252.75,253.0,252.75,252.75,4145
2026-05-14 13:57:00,252.75,253.0,252.75,252.75,2791
2026-05-14 13:58:00,253.0,253.0,252.75,252.75,2291
2026-05-14 13:59:00,252.75,253.0,252.75,253.0,3407
2026-05-14 14:00:00,252.75,253.0,252.5,253.0,17746
2026-05-14 14:01:00,252.5,253.0,252.5,252.75,52747
2026-05-14 14:02:00,252.5,252.75,252.25,252.5,33999
2026-05-14 14:03:00,252.5,252.75,252.5,252.75,24973
2026-05-14 14:04:00,252.75,252.75,252.5,252.75,1649
2026-05-14 14:05:00,252.75,252.75,252.5,252.5,8356
2026-05-14 14:06:00,253.0,253.0,252.75,252.75,4008
2026-05-14 14:07:00,253.0,253.0,252.75,253.0,590
2026-05-14 14:08:00,252.75,253.0,252.75,252.75,3844
2026-05-14 14:09:00,252.75,253.0,252.75,252.75,4696
2026-05-14 14:10:00,252.75,253.0,252.75,252.75,9689
2026-05-14 14:11:00,252.75,253.0,252.75,253.0,3863
2026-05-14 14:12:00,252.75,253.0,252.75,253.0,18566
2026-05-14 14:13:00,252.75,253.0,252.5,253.0,95750
2026-05-14 14:14:00,252.75,252.75,252.5,252.75,6009
2026-05-14 14:15:00,252.5,252.75,252.5,252.5,12537
2026-05-14 14:16:00,252.5,252.75,252.5,252.5,3934
2026-05-14 14:17:00,252.75,252.75,252.5,252.75,9266
2026-05-14 14:18:00,252.5,252.75,252.25,252.75,100394
2026-05-14 14:19:00,252.25,252.5,252.25,252.5,12114
2026-05-14 14:20:00,252.25,252.5,252.25,252.25,4093
2026-05-14 14:21:00,252.25,252.5,252.25,252.25,3002
2026-05-14 14:22:00,252.0,252.5,251.75,252.25,158087
2026-05-14 14:23:00,252.25,252.25,252.0,252.0,5387
2026-05-14 14:24:00,252.25,252.25,252.0,252.25,12969
2026-05-14 14:25:00,252.25,252.25,252.0,252.0,5062
2026-05-14 14:26:00,252.0,252.25,252.0,252.25,3626
2026-05-14 14:27:00,252.0,252.25,252.0,252.0,2454
2026-05-14 14:28:00,252.0,252.25,252.0,252.0,2480
2026-05-14 14:29:00,252.0,252.25,252.0,252.0,12710
2026-05-14 14:30:00,252.25,252.25,252.0,252.25,5649
2026-05-14 14:31:00,252.25,252.25,252.0,252.0,8774
2026-05-14 14:32:00,252.0,252.25,252.0,252.25,3394
2026-05-14 14:33:00,252.5,252.5,252.0,252.25,37731
2026-05-14 14:34:00,252.5,252.5,252.25,252.5,7326
2026-05-14 14:35:00,252.25,252.5,252.0,252.25,63714
2026-05-14 14:36:00,252.5,252.5,252.0,252.0,54434
2026-05-14 14:37:00,252.5,252.5,252.25,252.25,8982
2026-05-14 14:38:00,252.5,252.75,252.25,252.5,54360
2026-05-14 14:39:00,252.25,252.75,252.25,252.5,37759
2026-05-14 14:40:00,252.25,252.5,252.25,252.25,8868
2026-05-14 14:41:00,252.75,253.0,252.25,252.25,93203
2026-05-14 14:42:00,253.0,253.25,252.75,252.75,51093
2026-05-14 14:43:00,252.75,253.25,252.5,253.0,147197
2026-05-14 14:44:00,252.75,252.75,252.5,252.75,5259
2026-05-14 14:45:00,252.75,252.75,252.5,252.75,2143
2026-05-14 14:46:00,252.5,252.75,252.5,252.75,58962
2026-05-14 14:47:00,252.25,252.5,252.25,252.5,37771
2026-05-14 14:48:00,252.75,252.75,252.25,252.5,154828
2026-05-14 14:49:00,253.0,253.0,252.5,252.75,63365
2026-05-14 14:50:00,252.5,253.0,252.5,253.0,56487
2026-05-14 14:51:00,252.75,253.0,252.5,252.5,110875
2026-05-14 14:52:00,253.0,253.0,252.75,252.75,122618
2026-05-14 14:53:00,252.75,252.75,252.5,252.75,15687
2026-05-14 14:54:00,253.0,253.25,252.75,252.75,135899
2026-05-14 14:55:00,252.75,253.0,252.75,253.0,15161
2026-05-14 14:56:00,253.0,253.0,252.75,253.0,12062
2026-05-14 14:57:00,253.0,253.25,252.75,253.0,93771
2026-05-14 14:58:00,253.5,253.5,253.0,253.0,167867
2026-05-14 14:59:00,253.5,253.5,253.25,253.25,76052
2026-05-15 10:00:00,258.0,258.0,257.75,258.0,42306
2026-05-15 10:01:00,257.75,258.0,257.25,258.0,75665
2026-05-15 10:02:00,257.75,257.75,257.5,257.75,12748
2026-05-15 10:03:00,257.5,257.75,257.5,257.5,12397
2026-05-15 10:04:00,257.75,258.0,257.5,257.75,28790
2026-05-15 10:05:00,257.75,258.0,257.5,257.75,21574
2026-05-15 10:06:00,257.25,257.75,257.25,257.75,74292
2026-05-15 10:07:00,257.5,257.5,257.25,257.5,4255
2026-05-15 10:08:00,257.25,257.5,257.25,257.25,9152
2026-05-15 10:09:00,257.5,257.5,257.25,257.5,1231
2026-05-15 10:10:00,257.5,257.5,257.25,257.5,6302
2026-05-15 10:11:00,257.0,257.25,257.0,257.25,31407
2026-05-15 10:12:00,257.0,257.25,257.0,257.25,5186
2026-05-15 10:13:00,257.25,257.25,257.0,257.25,35340
2026-05-15 10:14:00,257.25,257.25,257.0,257.0,37915
2026-05-15 10:15:00,257.0,257.25,257.0,257.0,2105
2026-05-15 10:16:00,257.0,257.25,257.0,257.25,5412
2026-05-15 10:17:00,257.25,257.25,257.0,257.25,14208
2026-05-15 10:18:00,257.0,257.25,257.0,257.0,7925
2026-05-15 10:19:00,257.25,257.25,257.0,257.25,7818
2026-05-15 10:20:00,257.25,257.25,257.0,257.25,4642
2026-05-15 10:21:00,257.25,257.25,257.0,257.25,2819
2026-05-15 10:22:00,257.25,257.25,257.0,257.0,6734
2026-05-15 10:23:00,257.5,257.5,257.25,257.25,11380
2026-05-15 10:24:00,257.25,257.5,257.25,257.5,3786
2026-05-15 10:25:00,257.25,257.5,257.0,257.5,17037
2026-05-15 10:26:00,257.25,257.25,257.0,257.25,6234
2026-05-15 10:27:00,257.25,257.25,257.0,257.0,34941
2026-05-15 10:28:00,257.0,257.25,257.0,257.25,3905
2026-05-15 10:29:00,257.25,257.25,257.0,257.0,2806
2026-05-15 10:30:00,257.25,257.25,257.0,257.25,4130
2026-05-15 10:31:00,257.25,257.25,257.0,257.25,5053
2026-05-15 10:32:00,257.0,257.25,257.0,257.0,7192
2026-05-15 10:33:00,257.25,257.25,257.0,257.25,11407
2026-05-15 10:34:00,257.5,257.5,257.0,257.5,13688
2026-05-15 10:35:00,257.5,257.5,257.25,257.5,10384
2026-05-15 10:36:00,257.25,257.5,257.25,257.5,17152
2026-05-15 10:37:00,257.25,257.5,257.0,257.25,7423
2026-05-15 10:38:00,257.25,257.25,257.0,257.0,12188
2026-05-15 10:39:00,257.5,257.5,257.0,257.25,13863
2026-05-15 10:40:00,257.75,257.75,257.25,257.5,33370
2026-05-15 10:41:00,257.75,257.75,257.5,257.5,30967
2026-05-15 10:42:00,257.5,257.75,257.5,257.75,8562
2026-05-15 10:43:00,257.75,257.75,257.5,257.75,4315
2026-05-15 10:44:00,257.75,257.75,257.5,257.75,1862
2026-05-15 10:45:00,257.5,257.75,257.5,257.75,15977
2026-05-15 10:46:00,257.75,257.75,257.5,257.75,8102
2026-05-15 10:47:00,257.75,257.75,257.5,257.75,3490
2026-05-15 10:48:00,257.75,257.75,257.5,257.75,6950
2026-05-15 10:49:00,257.5,257.75,257.25,257.75,10373
2026-05-15 10:50:00,257.5,257.5,257.25,257.25,4009
2026-05-15 10:51:00,257.5,258.0,257.25,257.5,55777
2026-05-15 10:52:00,257.5,257.5,257.25,257.5,3376
2026-05-15 10:53:00,257.75,257.75,257.25,257.5,5200
2026-05-15 10:54:00,257.5,257.75,257.25,257.5,16664
2026-05-15 10:55:00,257.5,257.5,257.25,257.5,3901
2026-05-15 10:56:00,257.0,257.5,257.0,257.5,45522
2026-05-15 10:57:00,257.25,257.25,257.0,257.25,3700
2026-05-15 10:58:00,257.25,257.5,256.75,257.25,79523
2026-05-15 10:59:00,257.25,257.5,257.0,257.5,14668
2026-05-15 11:00:00,257.25,257.25,257.0,257.0,4486
2026-05-15 11:01:00,257.5,257.5,257.0,257.25,14429
2026-05-15 11:02:00,257.5,257.75,257.25,257.5,25413
2026-05-15 11:03:00,257.5,257.75,257.5,257.5,15476
2026-05-15 11:04:00,257.5,257.75,257.5,257.75,3990
2026-05-15 11:05:00,257.75,257.75,257.5,257.5,8204
2026-05-15 11:06:00,257.75,257.75,257.5,257.75,2474
2026-05-15 11:07:00,257.75,257.75,257.5,257.5,3425
2026-05-15 11:08:00,257.75,257.75,257.5,257.75,1885
2026-05-15 11:09:00,257.75,257.75,257.5,257.75,7123
2026-05-15 11:10:00,257.5,257.75,257.5,257.75,9207
2026-05-15 11:11:00,257.75,257.75,257.5,257.75,16382
2026-05-15 11:12:00,257.75,257.75,257.5,257.5,11944
2026-05-15 11:13:00,257.5,257.75,257.5,257.75,2561
2026-05-15 11:14:00,257.75,257.75,257.5,257.75,5071
2026-05-15 11:15:00,257.5,257.75,257.25,257.75,22523
2026-05-15 11:16:00,257.25,257.5,257.0,257.5,15434
2026-05-15 11:17:00,257.25,257.25,257.0,257.25,10030
2026-05-15 11:18:00,257.25,257.25,257.0,257.25,3708
2026-05-15 11:19:00,257.25,257.25,257.0,257.25,3364
2026-05-15 11:20:00,257.0,257.25,257.0,257.25,4314
2026-05-15 11:21:00,257.0,257.25,257.0,257.25,3789
2026-05-15 11:22:00,257.25,257.25,257.0,257.25,19191
2026-05-15 11:23:00,257.25,257.25,257.0,257.25,5711
2026-05-15 11:24:00,257.25,257.25,257.0,257.25,308
2026-05-15 11:25:00,257.25,257.5,257.0,257.25,18949
2026-05-15 11:26:00,257.25,257.5,257.25,257.5,5869
2026-05-15 11:27:00,257.25,257.5,257.25,257.5,4241
2026-05-15 11:28:00,257.5,257.5,257.25,257.5,2522
2026-05-15 11:29:00,257.5,257.5,257.25,257.5,7822
2026-05-15 11:30:00,257.5,257.5,257.25,257.5,5825
2026-05-15 11:31:00,257.25,257.5,257.0,257.25,25132
2026-05-15 11:32:00,257.0,257.25,257.0,257.25,7269
2026-05-15 11:33:00,257.25,257.5,257.0,257.25,34547
2026-05-15 11:34:00,257.0,257.25,257.0,257.25,13554
2026-05-15 11:35:00,257.25,257.25,257.0,257.25,5076
2026-05-15 11:36:00,257.0,257.25,256.75,257.0,32561
2026-05-15 11:37:00,257.0,257.0,256.75,256.75,7599
2026-05-15 11:38:00,256.75,257.0,256.75,257.0,6212
2026-05-15 11:39:00,257.0,257.0,256.75,257.0,4212
2026-05-15 11:40:00,256.75,257.0,256.75,257.0,13923
2026-05-15 11:41:00,256.75,257.0,256.75,257.0,6894
2026-05-15 11:42:00,256.75,257.0,256.75,257.0,3480
2026-05-15 11:43:00,256.75,257.0,256.5,257.0,23863
2026-05-15 11:44:00,256.75,256.75,256.5,256.75,13292
2026-05-15 11:45:00,256.5,256.75,256.25,256.75,23376
2026-05-15 11:46:00,257.0,257.0,256.25,256.5,33044
2026-05-15 11:47:00,257.0,257.0,256.75,256.75,8952
2026-05-15 11:48:00,257.25,257.25,257.0,257.0,12497
2026-05-15 11:49:00,257.0,257.25,257.0,257.25,7221
2026-05-15 11:50:00,257.25,257.25,257.0,257.25,2900
2026-05-15 11:51:00,257.25,257.25,257.0,257.25,7627
2026-05-15 11:52:00,257.25,257.25,257.0,257.0,5594
2026-05-15 11:53:00,257.0,257.25,256.75,257.25,23474
2026-05-15 11:54:00,256.75,257.0,256.75,257.0,2651
2026-05-15 11:55:00,256.75,257.0,256.75,257.0,14557
2026-05-15 11:56:00,256.5,257.0,256.5,257.0,14210
2026-05-15 11:57:00,256.5,256.75,256.5,256.75,24063
2026-05-15 11:58:00,256.5,256.75,256.5,256.75,6042
2026-05-15 11:59:00,256.5,256.75,256.5,256.5,13502
2026-05-15 12:00:00,256.75,256.75,256.5,256.75,16711
2026-05-15 12:01:00,256.5,256.75,256.5,256.75,52492
2026-05-15 12:02:00,256.25,256.75,256.25,256.75,73582
2026-05-15 12:03:00,256.5,256.5,256.25,256.5,25934
2026-05-15 12:04:00,256.5,256.5,256.25,256.5,7732
2026-05-15 12:05:00,256.25,256.5,256.25,256.25,2631
2026-05-15 12:06:00,256.5,256.5,256.0,256.5,54115
2026-05-15 12:07:00,256.25,256.5,256.25,256.25,15197
2026-05-15 12:08:00,256.5,256.5,256.25,256.5,2388
2026-05-15 12:09:00,256.5,256.5,256.25,256.5,2797
2026-05-15 12:10:00,256.5,256.5,256.25,256.5,11107
2026-05-15 12:11:00,256.5,256.75,256.25,256.5,36101
2026-05-15 12:12:00,256.25,256.5,256.25,256.25,22817
2026-05-15 12:13:00,256.5,256.5,256.25,256.25,4320
2026-05-15 12:14:00,256.25,256.5,256.25,256.5,2739
2026-05-15 12:15:00,256.5,256.5,256.25,256.25,10823
2026-05-15 12:16:00,256.5,256.5,256.25,256.5,8413
2026-05-15 12:17:00,256.5,256.5,256.25,256.25,5253
2026-05-15 12:18:00,256.5,256.5,256.25,256.5,40515
2026-05-15 12:19:00,256.5,256.5,256.25,256.25,5131
2026-05-15 12:20:00,256.5,256.5,256.25,256.5,4673
2026-05-15 12:21:00,256.25,256.5,256.25,256.5,2432
2026-05-15 12:22:00,256.75,256.75,256.25,256.5,44506
2026-05-15 12:23:00,256.75,256.75,256.5,256.5,4295
2026-05-15 12:24:00,256.25,256.75,256.25,256.5,23751
2026-05-15 12:25:00,256.75,256.75,256.25,256.5,20749
2026-05-15 12:26:00,256.75,256.75,256.5,256.75,3851
2026-05-15 12:27:00,256.5,256.75,256.25,256.75,11385
2026-05-15 12:28:00,256.5,256.5,256.25,256.5,3383
2026-05-15 12:29:00,256.25,256.5,256.25,256.5,4205
2026-05-15 12:30:00,256.0,256.5,255.75,256.25,68661
2026-05-15 12:31:00,255.5,256.0,255.5,256.0,42417
2026-05-15 12:32:00,255.75,256.0,255.5,255.5,38084
2026-05-15 12:33:00,255.75,256.0,255.5,255.75,72710
2026-05-15 12:34:00,255.75,255.75,255.5,255.75,4833
2026-05-15 12:35:00,255.5,255.75,255.5,255.75,23463
2026-05-15 12:36:00,255.5,255.75,255.5,255.5,6319
2026-05-15 12:37:00,255.5,255.75,255.5,255.5,7664
2026-05-15 12:38:00,256.0,256.0,255.5,255.75,9460
2026-05-15 12:39:00,255.5,256.0,255.5,255.75,12982
2026-05-15 12:40:00,255.75,255.75,255.5,255.75,1838
2026-05-15 12:41:00,255.5,255.75,255.5,255.75,5454
2026-05-15 12:42:00,255.75,256.0,255.75,255.75,7188
2026-05-15 12:43:00,255.5,256.0,255.5,256.0,4753
2026-05-15 12:44:00,255.75,255.75,255.5,255.75,4398
2026-05-15 12:45:00,255.5,255.75,255.5,255.5,6613
2026-05-15 12:46:00,255.5,255.75,255.5,255.75,3704
2026-05-15 12:47:00,255.25,255.75,255.25,255.75,14831
2026-05-15 12:48:00,255.5,255.5,255.25,255.25,2738
2026-05-15 12:49:00,255.5,255.5,255.25,255.5,26502
2026-05-15 12:50:00,255.5,255.5,255.25,255.25,18901
2026-05-15 12:51:00,255.75,255.75,255.25,255.25,17294
2026-05-15 12:52:00,255.75,255.75,255.5,255.75,12782
2026-05-15 12:53:00,255.75,255.75,255.25,255.75,46510
2026-05-15 12:54:00,255.75,255.75,255.5,255.5,4975
2026-05-15 12:55:00,255.5,255.75,255.25,255.75,12791
2026-05-15 12:56:00,255.5,255.5,255.25,255.5,7777
2026-05-15 12:57:00,255.5,255.75,255.25,255.5,13652
2026-05-15 12:58:00,255.75,255.75,255.5,255.75,8645
2026-05-15 12:59:00,255.5,255.75,255.5,255.5,19279
2026-05-15 13:00:00,255.5,255.75,255.25,255.5,26114
2026-05-15 13:01:00,255.25,255.5,255.25,255.25,2040
2026-05-15 13:02:00,255.5,255.5,255.25,255.5,7159
2026-05-15 13:03:00,255.5,255.5,255.25,255.5,5116
2026-05-15 13:04:00,255.5,255.5,255.25,255.5,3948
2026-05-15 13:05:00,255.25,255.5,255.25,255.5,4361
2026-05-15 13:06:00,255.5,255.5,255.25,255.5,2957
2026-05-15 13:07:00,255.75,255.75,255.25,255.5,11569
2026-05-15 13:08:00,255.5,255.75,255.25,255.5,35009
2026-05-15 13:09:00,255.5,255.5,255.25,255.25,1564
2026-05-15 13:10:00,255.5,255.5,255.25,255.5,2019
2026-05-15 13:11:00,255.25,255.5,255.0,255.5,35272
2026-05-15 13:12:00,255.25,255.25,255.0,255.25,24870
2026-05-15 13:13:00,255.25,255.25,255.0,255.0,21558
2026-05-15 13:14:00,255.25,255.25,255.0,255.0,3412
2026-05-15 13:15:00,255.0,255.25,255.0,255.25,4903
2026-05-15 13:16:00,255.5,255.5,255.0,255.25,13246
2026-05-15 13:17:00,255.0,255.25,255.0,255.25,15934
2026-05-15 13:18:00,255.25,255.5,255.0,255.25,25753
2026-05-15 13:19:00,255.0,255.25,255.0,255.25,28085
2026-05-15 13:20:00,254.75,255.25,254.75,255.25,10898
2026-05-15 13:21:00,255.0,255.0,254.75,255.0,62489
2026-05-15 13:22:00,255.0,255.25,254.75,255.0,14397
2026-05-15 13:23:00,255.25,255.25,255.0,255.25,45398
2026-05-15 13:24:00,255.0,255.25,255.0,255.25,38204
2026-05-15 13:25:00,255.0,255.25,255.0,255.25,14510
2026-05-15 13:26:00,255.0,255.25,255.0,255.25,10088
2026-05-15 13:27:00,255.0,255.0,254.75,255.0,2687
2026-05-15 13:28:00,255.25,255.5,254.75,255.0,27337
2026-05-15 13:29:00,256.0,256.0,255.25,255.25,174341
2026-05-15 13:30:00,255.5,256.0,255.25,255.75,14783
2026-05-15 13:31:00,255.5,255.5,255.25,255.5,45486
2026-05-15 13:32:00,255.5,255.5,255.25,255.25,13328
2026-05-15 13:33:00,255.5,255.75,255.25,255.5,33727
2026-05-15 13:34:00,255.25,255.25,255.0,255.25,8779
2026-05-15 13:35:00,255.25,255.25,255.0,255.0,8422
2026-05-15 13:36:00,255.25,255.25,255.25,255.25,4032
2026-05-15 13:37:00,255.25,255.25,255.0,255.25,70342
2026-05-15 13:38:00,255.25,255.25,255.0,255.25,2454
2026-05-15 13:39:00,255.0,255.25,254.75,255.25,31672
2026-05-15 13:40:00,254.5,255.0,254.5,254.75,25942
2026-05-15 13:41:00,254.5,254.75,254.5,254.5,39156
2026-05-15 13:42:00,254.25,255.0,254.25,254.75,382267
2026-05-15 13:43:00,254.5,254.75,254.25,254.5,15498
2026-05-15 13:44:00,254.5,254.75,254.25,254.5,25545
2026-05-15 13:45:00,254.25,254.5,254.0,254.5,49061
2026-05-15 13:46:00,254.25,254.25,254.0,254.25,47650
2026-05-15 13:47:00,253.75,254.25,253.75,254.0,66930
2026-05-15 13:48:00,253.75,254.0,253.5,253.75,104444
2026-05-15 13:49:00,253.5,253.75,253.0,253.75,323178
2026-05-15 13:50:00,253.0,253.5,252.75,253.5,123622
2026-05-15 13:51:00,253.25,253.5,253.0,253.25,61180
2026-05-15 13:52:00,253.0,253.25,253.0,253.25,4422
2026-05-15 13:53:00,253.25,253.5,253.0,253.25,63375
2026-05-15 13:54:00,253.75,253.75,253.25,253.25,33445
2026-05-15 13:55:00,253.75,253.75,253.5,253.75,7030
2026-05-15 13:56:00,253.75,253.75,253.5,253.75,25210
2026-05-15 13:57:00,253.5,254.0,253.5,254.0,33356
2026-05-15 13:58:00,254.0,254.0,253.75,253.75,69830
2026-05-15 13:59:00,253.75,254.0,253.75,254.0,6364
2026-05-15 14:00:00,254.0,254.0,253.75,254.0,3501
2026-05-15 14:01:00,253.75,254.0,253.75,254.0,3829
2026-05-15 14:02:00,254.0,254.25,253.75,254.0,64584
2026-05-15 14:03:00,254.0,254.0,253.75,254.0,8221
2026-05-15 14:04:00,253.75,254.0,253.75,254.0,4002
2026-05-15 14:05:00,254.0,254.25,254.0,254.0,22653
2026-05-15 14:06:00,254.25,254.25,254.0,254.25,6971
2026-05-15 14:07:00,254.0,254.25,254.0,254.25,9667
2026-05-15 14:08:00,254.25,254.5,254.0,254.0,36143
2026-05-15 14:09:00,254.25,254.25,254.0,254.25,9130
2026-05-15 14:10:00,254.25,254.25,254.0,254.25,2669
2026-05-15 14:11:00,254.25,254.5,254.0,254.25,25377
2026-05-15 14:12:00,254.25,254.25,254.0,254.25,10876
2026-05-15 14:13:00,254.5,254.75,254.0,254.0,20396
2026-05-15 14:14:00,254.75,254.75,254.5,254.5,17150
2026-05-15 14:15:00,255.0,255.0,254.5,254.5,35326
2026-05-15 14:16:00,255.0,255.0,254.75,254.75,2382
2026-05-15 14:17:00,255.0,255.25,254.75,255.0,45430
2026-05-15 14:18:00,255.25,255.25,254.75,255.0,26390
2026-05-15 14:19:00,255.0,255.25,254.75,255.25,24465
2026-05-15 14:20:00,255.0,255.25,254.75,255.0,16749
2026-05-15 14:21:00,255.5,255.5,255.0,255.0,20087
2026-05-15 14:22:00,255.25,255.5,255.0,255.25,19979
2026-05-15 14:23:00,255.5,255.75,255.0,255.0,19198
2026-05-15 14:24:00,255.75,255.75,255.5,255.75,15692
2026-05-15 14:25:00,255.5,255.5,255.25,255.5,21098
2026-05-15 14:26:00,255.5,255.5,255.25,255.5,3073
2026-05-15 14:27:00,255.0,255.5,255.0,255.5,30581
2026-05-15 14:28:00,255.0,255.25,255.0,255.0,4006
2026-05-15 14:29:00,255.25,255.25,255.0,255.0,16309
2026-05-15 14:30:00,255.25,255.25,255.0,255.0,14258
2026-05-15 14:31:00,255.25,255.25,255.0,255.0,3462
2026-05-15 14:32:00,255.25,255.25,255.0,255.0,8506
2026-05-15 14:33:00,255.0,255.25,255.0,255.25,10309
2026-05-15 14:34:00,255.25,255.25,255.0,255.25,4326
2026-05-15 14:35:00,255.25,255.25,254.75,255.0,83752
2026-05-15 14:36:00,255.0,255.25,254.75,255.0,38993
2026-05-15 14:37:00,254.75,255.0,254.75,255.0,16107
2026-05-15 14:38:00,255.0,255.25,254.75,255.0,26389
2026-05-15 14:39:00,255.0,255.25,255.0,255.0,7182
2026-05-15 14:40:00,255.0,255.25,255.0,255.0,10488
2026-05-15 14:41:00,255.25,255.25,254.75,255.25,30130
2026-05-15 14:42:00,255.5,255.75,255.0,255.0,114085
2026-05-15 14:43:00,255.75,256.0,255.25,255.25,63904
2026-05-15 14:44:00,255.25,255.75,255.25,255.75,32810
2026-05-15 14:45:00,255.0,255.5,255.0,255.25,31360
2026-05-15 14:46:00,255.0,255.25,254.75,255.0,27112
2026-05-15 14:47:00,255.25,255.25,255.0,255.0,10096
2026-05-15 14:48:00,255.25,255.5,255.0,255.25,32707
2026-05-15 14:49:00,255.5,255.5,255.25,255.5,16922
2026-05-15 14:50:00,255.25,255.5,255.25,255.25,33042
2026-05-15 14:51:00,255.5,255.5,255.25,255.5,10229
2026-05-15 14:52:00,255.25,255.5,255.25,255.25,11528
2026-05-15 14:53:00,255.5,255.75,255.25,255.5,31681
2026-05-15 14:54:00,255.25,255.5,255.0,255.5,33119
2026-05-15 14:55:00,255.75,255.75,255.25,255.5,87385
2026-05-15 14:56:00,255.5,255.75,254.75,255.5,179688
2026-05-15 14:57:00,255.75,256.0,255.5,255.5,68599
2026-05-15 14:58:00,255.75,255.75,255.0,255.75,90142
2026-05-15 14:59:00,255.25,255.75,255.25,255.5,18595
